Numpy File: 00338.npy
Shape: (61, 225)
Dtype: float32

Frame 000: [-0.010069, -0.611735, -0.268744, 0.003717, -0.649375, -0.259769, 0.003232, -0.649158, -0.261573, 0.003696, -0.649189, -0.259598, -0.031749, -0.649432, -0.261404, -0.029677, -0.650350, -0.261923, -0.030346, -0.649332, -0.257926, 0.071236, -0.641238, -0.162078, -0.075565, -0.638502, -0.153329, 0.011905, -0.584980, -0.238617, -0.030892, -0.582779, -0.235103, 0.164522, -0.460160, -0.096364, -0.160721, -0.459808, -0.092737, 0.209053, -0.198026, -0.066914, -0.258651, -0.229467, -0.130113, 0.214060, -0.018741, -0.173893, -0.109802, -0.167797, -0.320891, 0.215253, 0.038086, -0.209225, -0.069665, -0.135017, -0.375168, 0.197637, 0.023965, -0.250808, -0.027455, -0.178996, -0.379216, 0.201438, -0.013147, -0.194086, -0.078421, -0.175919, -0.327560, 0.102309, -0.012620, 0.000367, -0.102356, 0.009309, 0.000082, 0.102639, 0.114994, -0.045808, -0.088633, 0.196597, -0.074838, 0.133188, 0.406133, 0.137088, -0.036591, 0.526281, 0.117959, 0.137816, 0.432017, 0.149167, -0.025963, 0.551421, 0.136544, 0.155865, 0.419458, 0.009514, -0.011882, 0.575154, -0.001996, 0.000000, 0.000000, 0.000000, 0.000000, 0.000000, 0.000000, 0.000000, 0.000000, 0.000000, 0.000000, 0.000000, 0.000000, 0.000000, 0.000000, 0.000000, 0.000000, 0.000000, 0.000000, 0.000000, 0.000000, 0.000000, 0.000000, 0.000000, 0.000000, 0.000000, 0.000000, 0.000000, 0.000000, 0.000000, 0.000000, 0.000000, 0.000000, 0.000000, 0.000000, 0.000000, 0.000000, 0.000000, 0.000000, 0.000000, 0.000000, 0.000000, 0.000000, 0.000000, 0.000000, 0.000000, 0.000000, 0.000000, 0.000000, 0.000000, 0.000000, 0.000000, 0.000000, 0.000000, 0.000000, 0.000000, 0.000000, 0.000000, 0.000000, 0.000000, 0.000000, 0.000000, 0.000000, 0.000000, -0.109802, -0.167797, -0.320891, -0.083322, -0.191056, -0.322865, -0.056141, -0.202460, -0.322769, -0.031153, -0.217303, -0.319857, -0.008952, -0.235012, -0.313722, -0.034118, -0.177976, -0.327615, -0.026744, -0.180272, -0.317203, -0.031214, -0.185096, -0.299531, -0.047111, -0.185729, -0.294880, -0.037342, -0.157999, -0.325358, -0.026965, -0.164904, -0.312021, -0.038888, -0.172485, -0.293724, -0.045330, -0.169408, -0.290350, -0.041166, -0.142017, -0.324433, -0.038853, -0.150453, -0.307423, -0.046355, -0.159245, -0.293775, -0.054392, -0.156974, -0.287787, -0.054922, -0.134201, -0.317259, -0.049090, -0.140773, -0.305442, -0.054944, -0.148357, -0.292977, -0.062402, -0.146893, -0.291824]
Frame 001: [-0.010579, -0.611187, -0.268728, 0.003527, -0.648883, -0.259689, 0.003034, -0.648643, -0.261481, 0.003482, -0.648662, -0.259491, -0.032088, -0.648920, -0.261303, -0.030020, -0.649783, -0.261834, -0.030699, -0.648756, -0.257826, 0.071124, -0.640687, -0.161980, -0.076236, -0.637770, -0.152575, 0.011553, -0.584353, -0.238602, -0.031519, -0.582164, -0.235000, 0.164517, -0.460159, -0.096364, -0.160714, -0.459442, -0.092349, 0.216645, -0.200234, -0.066794, -0.260597, -0.231559, -0.125112, 0.224611, -0.019631, -0.171811, -0.115479, -0.167523, -0.304286, 0.224820, 0.038001, -0.205817, -0.075770, -0.132344, -0.354038, 0.206794, 0.024118, -0.247402, -0.033391, -0.174325, -0.360424, 0.211071, -0.013583, -0.191474, -0.083822, -0.175050, -0.311849, 0.102960, -0.012516, -0.000274, -0.102713, 0.009273, 0.000666, 0.105914, 0.077030, -0.060067, -0.093739, 0.143108, -0.081201, 0.138786, 0.384918, 0.137136, -0.036902, 0.514659, 0.134117, 0.143776, 0.408399, 0.149307, -0.026007, 0.539549, 0.158588, 0.160253, 0.384286, -0.004216, -0.012518, 0.556495, 0.003852, 0.000000, 0.000000, 0.000000, 0.000000, 0.000000, 0.000000, 0.000000, 0.000000, 0.000000, 0.000000, 0.000000, 0.000000, 0.000000, 0.000000, 0.000000, 0.000000, 0.000000, 0.000000, 0.000000, 0.000000, 0.000000, 0.000000, 0.000000, 0.000000, 0.000000, 0.000000, 0.000000, 0.000000, 0.000000, 0.000000, 0.000000, 0.000000, 0.000000, 0.000000, 0.000000, 0.000000, 0.000000, 0.000000, 0.000000, 0.000000, 0.000000, 0.000000, 0.000000, 0.000000, 0.000000, 0.000000, 0.000000, 0.000000, 0.000000, 0.000000, 0.000000, 0.000000, 0.000000, 0.000000, 0.000000, 0.000000, 0.000000, 0.000000, 0.000000, 0.000000, 0.000000, 0.000000, 0.000000, -0.115479, -0.167523, -0.304286, -0.087060, -0.190635, -0.306477, -0.061742, -0.203442, -0.309800, -0.036292, -0.218223, -0.311298, -0.011701, -0.234913, -0.313052, -0.039842, -0.177403, -0.316441, -0.029924, -0.178736, -0.305051, -0.031173, -0.182560, -0.286027, -0.042272, -0.188218, -0.280149, -0.043416, -0.157722, -0.314154, -0.031355, -0.161547, -0.300405, -0.043354, -0.170659, -0.282610, -0.047938, -0.166068, -0.273336, -0.046607, -0.139544, -0.314518, -0.042802, -0.145722, -0.295761, -0.050330, -0.155015, -0.279994, -0.058222, -0.153012, -0.272349, -0.061390, -0.131972, -0.307006, -0.054593, -0.136907, -0.294715, -0.060035, -0.144052, -0.279119, -0.067350, -0.143117, -0.274104]
Frame 002: [-0.011293, -0.611082, -0.268574, 0.003060, -0.648809, -0.259383, 0.002558, -0.648562, -0.261155, 0.002987, -0.648577, -0.259145, -0.032742, -0.648816, -0.260961, -0.030679, -0.649658, -0.261512, -0.031367, -0.648628, -0.257488, 0.070865, -0.640578, -0.161626, -0.077113, -0.637435, -0.151461, 0.011106, -0.584210, -0.238457, -0.032219, -0.581986, -0.234691, 0.164489, -0.460285, -0.096166, -0.160708, -0.459155, -0.091782, 0.220043, -0.202601, -0.066557, -0.262768, -0.233162, -0.122033, 0.228802, -0.020866, -0.170691, -0.119864, -0.167117, -0.297044, 0.228813, 0.037624, -0.204156, -0.080320, -0.130239, -0.345826, 0.210666, 0.024116, -0.245638, -0.037901, -0.171235, -0.352623, 0.215052, -0.014374, -0.190107, -0.088085, -0.174132, -0.304768, 0.103405, -0.012448, -0.000622, -0.102975, 0.009245, 0.000983, 0.107889, 0.067706, -0.065187, -0.096305, 0.134182, -0.085223, 0.142060, 0.378906, 0.136638, -0.037034, 0.509388, 0.137894, 0.147214, 0.402079, 0.148851, -0.026006, 0.534120, 0.163085, 0.163706, 0.376658, -0.013129, -0.012707, 0.550124, 0.004870, 0.000000, 0.000000, 0.000000, 0.000000, 0.000000, 0.000000, 0.000000, 0.000000, 0.000000, 0.000000, 0.000000, 0.000000, 0.000000, 0.000000, 0.000000, 0.000000, 0.000000, 0.000000, 0.000000, 0.000000, 0.000000, 0.000000, 0.000000, 0.000000, 0.000000, 0.000000, 0.000000, 0.000000, 0.000000, 0.000000, 0.000000, 0.000000, 0.000000, 0.000000, 0.000000, 0.000000, 0.000000, 0.000000, 0.000000, 0.000000, 0.000000, 0.000000, 0.000000, 0.000000, 0.000000, 0.000000, 0.000000, 0.000000, 0.000000, 0.000000, 0.000000, 0.000000, 0.000000, 0.000000, 0.000000, 0.000000, 0.000000, 0.000000, 0.000000, 0.000000, 0.000000, 0.000000, 0.000000, -0.119864, -0.167117, -0.297044, -0.092245, -0.187981, -0.294041, -0.068197, -0.200055, -0.294800, -0.042932, -0.215097, -0.293150, -0.019879, -0.233368, -0.292076, -0.045809, -0.174475, -0.294574, -0.038601, -0.177050, -0.282360, -0.041618, -0.181105, -0.265269, -0.053121, -0.185221, -0.262010, -0.049481, -0.156718, -0.292609, -0.041438, -0.161348, -0.278369, -0.055051, -0.169831, -0.259750, -0.059355, -0.165071, -0.254032, -0.052114, -0.140797, -0.294565, -0.054587, -0.146467, -0.275445, -0.061206, -0.156217, -0.260534, -0.067953, -0.151942, -0.253824, -0.067041, -0.133464, -0.290628, -0.064031, -0.137396, -0.276527, -0.071295, -0.143968, -0.261630, -0.078062, -0.142282, -0.258231]
Frame 003: [-0.011637, -0.610987, -0.268493, 0.002779, -0.648757, -0.259247, 0.002271, -0.648505, -0.261014, 0.002691, -0.648519, -0.258992, -0.033106, -0.648729, -0.260793, -0.031047, -0.649556, -0.261349, -0.031738, -0.648526, -0.257315, 0.070701, -0.640572, -0.161491, -0.077534, -0.637286, -0.150908, 0.010918, -0.584140, -0.238389, -0.032506, -0.581878, -0.234518, 0.164487, -0.460626, -0.095962, -0.160627, -0.459083, -0.091277, 0.222120, -0.204487, -0.066053, -0.263912, -0.234227, -0.119494, 0.230547, -0.021810, -0.169975, -0.121846, -0.167100, -0.293417, 0.230406, 0.037207, -0.203225, -0.082389, -0.129912, -0.342270, 0.212281, 0.024032, -0.244596, -0.040214, -0.170892, -0.348759, 0.216773, -0.015076, -0.189272, -0.090144, -0.174036, -0.301040, 0.103696, -0.012376, -0.000904, -0.103146, 0.009188, 0.001263, 0.108697, 0.067758, -0.065148, -0.097584, 0.133794, -0.085750, 0.143014, 0.378526, 0.136688, -0.037041, 0.506163, 0.141178, 0.148126, 0.401860, 0.148915, -0.025895, 0.530475, 0.166535, 0.164879, 0.376482, -0.015298, -0.012710, 0.547214, 0.007041, 0.000000, 0.000000, 0.000000, 0.000000, 0.000000, 0.000000, 0.000000, 0.000000, 0.000000, 0.000000, 0.000000, 0.000000, 0.000000, 0.000000, 0.000000, 0.000000, 0.000000, 0.000000, 0.000000, 0.000000, 0.000000, 0.000000, 0.000000, 0.000000, 0.000000, 0.000000, 0.000000, 0.000000, 0.000000, 0.000000, 0.000000, 0.000000, 0.000000, 0.000000, 0.000000, 0.000000, 0.000000, 0.000000, 0.000000, 0.000000, 0.000000, 0.000000, 0.000000, 0.000000, 0.000000, 0.000000, 0.000000, 0.000000, 0.000000, 0.000000, 0.000000, 0.000000, 0.000000, 0.000000, 0.000000, 0.000000, 0.000000, 0.000000, 0.000000, 0.000000, 0.000000, 0.000000, 0.000000, -0.121846, -0.167100, -0.293417, -0.091224, -0.186582, -0.295068, -0.067359, -0.197894, -0.297007, -0.041530, -0.213531, -0.298273, -0.019304, -0.231439, -0.298133, -0.048556, -0.172909, -0.305692, -0.039248, -0.172804, -0.295934, -0.039369, -0.177872, -0.276654, -0.049533, -0.183975, -0.268588, -0.051967, -0.156170, -0.304565, -0.040906, -0.158883, -0.292647, -0.052080, -0.167265, -0.271629, -0.055951, -0.164555, -0.261116, -0.054436, -0.140838, -0.305212, -0.052204, -0.145151, -0.288116, -0.056468, -0.153137, -0.270826, -0.063727, -0.150089, -0.260571, -0.067554, -0.134137, -0.299898, -0.061244, -0.136850, -0.287034, -0.066532, -0.142493, -0.271372, -0.074128, -0.141496, -0.266078]
Frame 004: [-0.012193, -0.610008, -0.268465, 0.002458, -0.647831, -0.259208, 0.001944, -0.647563, -0.260971, 0.002357, -0.647569, -0.258944, -0.033531, -0.647829, -0.260704, -0.031477, -0.648623, -0.261261, -0.032172, -0.647586, -0.257222, 0.070623, -0.639899, -0.161473, -0.077886, -0.636693, -0.150415, 0.010517, -0.583277, -0.238368, -0.033051, -0.581071, -0.234395, 0.164523, -0.460590, -0.095999, -0.160689, -0.458949, -0.090509, 0.223556, -0.204666, -0.066036, -0.264240, -0.234626, -0.117810, 0.231366, -0.021925, -0.169897, -0.123162, -0.166866, -0.293416, 0.231062, 0.037200, -0.203129, -0.084039, -0.129127, -0.342534, 0.212656, 0.024141, -0.244518, -0.042061, -0.169685, -0.349246, 0.217411, -0.015135, -0.189168, -0.091570, -0.173508, -0.301165, 0.104031, -0.012332, -0.001334, -0.103366, 0.009162, 0.001688, 0.109045, 0.065321, -0.067162, -0.099133, 0.132090, -0.086860, 0.143440, 0.375939, 0.136307, -0.037736, 0.504566, 0.142175, 0.148506, 0.399138, 0.148605, -0.026316, 0.528753, 0.167632, 0.164987, 0.373179, -0.018519, -0.013868, 0.545349, 0.007667, 0.000000, 0.000000, 0.000000, 0.000000, 0.000000, 0.000000, 0.000000, 0.000000, 0.000000, 0.000000, 0.000000, 0.000000, 0.000000, 0.000000, 0.000000, 0.000000, 0.000000, 0.000000, 0.000000, 0.000000, 0.000000, 0.000000, 0.000000, 0.000000, 0.000000, 0.000000, 0.000000, 0.000000, 0.000000, 0.000000, 0.000000, 0.000000, 0.000000, 0.000000, 0.000000, 0.000000, 0.000000, 0.000000, 0.000000, 0.000000, 0.000000, 0.000000, 0.000000, 0.000000, 0.000000, 0.000000, 0.000000, 0.000000, 0.000000, 0.000000, 0.000000, 0.000000, 0.000000, 0.000000, 0.000000, 0.000000, 0.000000, 0.000000, 0.000000, 0.000000, 0.000000, 0.000000, 0.000000, -0.123162, -0.166866, -0.293416, -0.093775, -0.187480, -0.296294, -0.069532, -0.199633, -0.299315, -0.044118, -0.214458, -0.300821, -0.020931, -0.233310, -0.302927, -0.048269, -0.173428, -0.307535, -0.039884, -0.175660, -0.297640, -0.039569, -0.179951, -0.278809, -0.046432, -0.185852, -0.272081, -0.051883, -0.155864, -0.305583, -0.042515, -0.160477, -0.293064, -0.054681, -0.169048, -0.272788, -0.057517, -0.164859, -0.260426, -0.054639, -0.139719, -0.305727, -0.053998, -0.145098, -0.287769, -0.059234, -0.154028, -0.270958, -0.065927, -0.150504, -0.260962, -0.068750, -0.132921, -0.299123, -0.064005, -0.137541, -0.286622, -0.070150, -0.143125, -0.269972, -0.076558, -0.141661, -0.263925]
Frame 005: [-0.012145, -0.610064, -0.267482, 0.002530, -0.647901, -0.258013, 0.002014, -0.647631, -0.259766, 0.002424, -0.647636, -0.257726, -0.033480, -0.647889, -0.259584, -0.031426, -0.648678, -0.260142, -0.032121, -0.647640, -0.256090, 0.070628, -0.639943, -0.160011, -0.077900, -0.636709, -0.149106, 0.010542, -0.583323, -0.237339, -0.033039, -0.581110, -0.233340, 0.164524, -0.460856, -0.094567, -0.160610, -0.458959, -0.089647, 0.224510, -0.206236, -0.064832, -0.264831, -0.235536, -0.116765, 0.232119, -0.023821, -0.169418, -0.123520, -0.166860, -0.292053, 0.231749, 0.035377, -0.202605, -0.084328, -0.129073, -0.341139, 0.213348, 0.022822, -0.243863, -0.042400, -0.169616, -0.347580, 0.218192, -0.016924, -0.188658, -0.091951, -0.173469, -0.299652, 0.104136, -0.012297, -0.001408, -0.103432, 0.009124, 0.001767, 0.109212, 0.066338, -0.066417, -0.099343, 0.135552, -0.086837, 0.143811, 0.375854, 0.136627, -0.037866, 0.504779, 0.142525, 0.148848, 0.399186, 0.148985, -0.026361, 0.528935, 0.167768, 0.165688, 0.374063, -0.017551, -0.014240, 0.546190, 0.008344, 0.000000, 0.000000, 0.000000, 0.000000, 0.000000, 0.000000, 0.000000, 0.000000, 0.000000, 0.000000, 0.000000, 0.000000, 0.000000, 0.000000, 0.000000, 0.000000, 0.000000, 0.000000, 0.000000, 0.000000, 0.000000, 0.000000, 0.000000, 0.000000, 0.000000, 0.000000, 0.000000, 0.000000, 0.000000, 0.000000, 0.000000, 0.000000, 0.000000, 0.000000, 0.000000, 0.000000, 0.000000, 0.000000, 0.000000, 0.000000, 0.000000, 0.000000, 0.000000, 0.000000, 0.000000, 0.000000, 0.000000, 0.000000, 0.000000, 0.000000, 0.000000, 0.000000, 0.000000, 0.000000, 0.000000, 0.000000, 0.000000, 0.000000, 0.000000, 0.000000, 0.000000, 0.000000, 0.000000, -0.123520, -0.166860, -0.292053, -0.094291, -0.186605, -0.294905, -0.071014, -0.198045, -0.297764, -0.046201, -0.212613, -0.299317, -0.023306, -0.230830, -0.299445, -0.050501, -0.171665, -0.305851, -0.041094, -0.173467, -0.295291, -0.038619, -0.178594, -0.277944, -0.045355, -0.184015, -0.273676, -0.054387, -0.155066, -0.303729, -0.044672, -0.158671, -0.291982, -0.055867, -0.167461, -0.272424, -0.058972, -0.162104, -0.261362, -0.057182, -0.139129, -0.304131, -0.056496, -0.144380, -0.287403, -0.061129, -0.152695, -0.270890, -0.068273, -0.148929, -0.260727, -0.071371, -0.132396, -0.297941, -0.066559, -0.136966, -0.285665, -0.071847, -0.142478, -0.269917, -0.078268, -0.139450, -0.264579]
Frame 006: [-0.012931, -0.610085, -0.266737, 0.001873, -0.647935, -0.257226, 0.001354, -0.647663, -0.258976, 0.001758, -0.647668, -0.256929, -0.034205, -0.647915, -0.258596, -0.032153, -0.648701, -0.259150, -0.032849, -0.647664, -0.255091, 0.070424, -0.639982, -0.159432, -0.078258, -0.636724, -0.147512, 0.009998, -0.583348, -0.236716, -0.033646, -0.581129, -0.232412, 0.164540, -0.460986, -0.094327, -0.160623, -0.458968, -0.088099, 0.224979, -0.206783, -0.064773, -0.265571, -0.236014, -0.115311, 0.232796, -0.024298, -0.169420, -0.124068, -0.166858, -0.291738, 0.232528, 0.035007, -0.202613, -0.084807, -0.129042, -0.340959, 0.214148, 0.022622, -0.243879, -0.042908, -0.169587, -0.347350, 0.218914, -0.017343, -0.188666, -0.092497, -0.173444, -0.299320, 0.104250, -0.012277, -0.001659, -0.103515, 0.009095, 0.002031, 0.109221, 0.067148, -0.065882, -0.099449, 0.137970, -0.086701, 0.143904, 0.376153, 0.136639, -0.038075, 0.504863, 0.142996, 0.148902, 0.399609, 0.149004, -0.026506, 0.528949, 0.168081, 0.165771, 0.375235, -0.017630, -0.015348, 0.546806, 0.009063, 0.000000, 0.000000, 0.000000, 0.000000, 0.000000, 0.000000, 0.000000, 0.000000, 0.000000, 0.000000, 0.000000, 0.000000, 0.000000, 0.000000, 0.000000, 0.000000, 0.000000, 0.000000, 0.000000, 0.000000, 0.000000, 0.000000, 0.000000, 0.000000, 0.000000, 0.000000, 0.000000, 0.000000, 0.000000, 0.000000, 0.000000, 0.000000, 0.000000, 0.000000, 0.000000, 0.000000, 0.000000, 0.000000, 0.000000, 0.000000, 0.000000, 0.000000, 0.000000, 0.000000, 0.000000, 0.000000, 0.000000, 0.000000, 0.000000, 0.000000, 0.000000, 0.000000, 0.000000, 0.000000, 0.000000, 0.000000, 0.000000, 0.000000, 0.000000, 0.000000, 0.000000, 0.000000, 0.000000, -0.124068, -0.166858, -0.291738, -0.096071, -0.186786, -0.292577, -0.072922, -0.198653, -0.294054, -0.048670, -0.212660, -0.293371, -0.024922, -0.230405, -0.291561, -0.051317, -0.171832, -0.298076, -0.041978, -0.173092, -0.286606, -0.038762, -0.178344, -0.271654, -0.044792, -0.184045, -0.270210, -0.055775, -0.154644, -0.296112, -0.046762, -0.158126, -0.283367, -0.058382, -0.166718, -0.265130, -0.061618, -0.161498, -0.256076, -0.058794, -0.138769, -0.297072, -0.059013, -0.143567, -0.280008, -0.064397, -0.152024, -0.264454, -0.071220, -0.148612, -0.255713, -0.073524, -0.132102, -0.292511, -0.069289, -0.135915, -0.279582, -0.075049, -0.141764, -0.264082, -0.081068, -0.139046, -0.259107]
Frame 007: [-0.013670, -0.610989, -0.265905, 0.001074, -0.648924, -0.256391, 0.000556, -0.648654, -0.258147, 0.000961, -0.648663, -0.256109, -0.034991, -0.648784, -0.257653, -0.032940, -0.649573, -0.258183, -0.033634, -0.648540, -0.254126, 0.069924, -0.641015, -0.158755, -0.078706, -0.637327, -0.146355, 0.009399, -0.584302, -0.235980, -0.034205, -0.581939, -0.231501, 0.164468, -0.461978, -0.093496, -0.160641, -0.459196, -0.087174, 0.225349, -0.208354, -0.063803, -0.266374, -0.236295, -0.114003, 0.233613, -0.025045, -0.169130, -0.124412, -0.166821, -0.290162, 0.233699, 0.034253, -0.202284, -0.085052, -0.129017, -0.339290, 0.215233, 0.022025, -0.243654, -0.043338, -0.169600, -0.345527, 0.219838, -0.018026, -0.188471, -0.092914, -0.173376, -0.297585, 0.104266, -0.012268, -0.001756, -0.103533, 0.009074, 0.002148, 0.109051, 0.068662, -0.061320, -0.098930, 0.147168, -0.084324, 0.143987, 0.378557, 0.137264, -0.037940, 0.507097, 0.143196, 0.148953, 0.402454, 0.149587, -0.026373, 0.530874, 0.167876, 0.166065, 0.379180, -0.017304, -0.015591, 0.550983, 0.010915, 0.000000, 0.000000, 0.000000, 0.000000, 0.000000, 0.000000, 0.000000, 0.000000, 0.000000, 0.000000, 0.000000, 0.000000, 0.000000, 0.000000, 0.000000, 0.000000, 0.000000, 0.000000, 0.000000, 0.000000, 0.000000, 0.000000, 0.000000, 0.000000, 0.000000, 0.000000, 0.000000, 0.000000, 0.000000, 0.000000, 0.000000, 0.000000, 0.000000, 0.000000, 0.000000, 0.000000, 0.000000, 0.000000, 0.000000, 0.000000, 0.000000, 0.000000, 0.000000, 0.000000, 0.000000, 0.000000, 0.000000, 0.000000, 0.000000, 0.000000, 0.000000, 0.000000, 0.000000, 0.000000, 0.000000, 0.000000, 0.000000, 0.000000, 0.000000, 0.000000, 0.000000, 0.000000, 0.000000, -0.124412, -0.166821, -0.290162, -0.095401, -0.186677, -0.292750, -0.070751, -0.199444, -0.294718, -0.044946, -0.213072, -0.295372, -0.021263, -0.231656, -0.293675, -0.048648, -0.172883, -0.304024, -0.038216, -0.173885, -0.295208, -0.035346, -0.178319, -0.279110, -0.040199, -0.184310, -0.275808, -0.053600, -0.155496, -0.302372, -0.043089, -0.158755, -0.292132, -0.054853, -0.167654, -0.272249, -0.058648, -0.163382, -0.260388, -0.056440, -0.139652, -0.303061, -0.055638, -0.143495, -0.288406, -0.060670, -0.153128, -0.271974, -0.068476, -0.149721, -0.260136, -0.070920, -0.132085, -0.298211, -0.065847, -0.135420, -0.287040, -0.070954, -0.141560, -0.271719, -0.078402, -0.139678, -0.265202]
Frame 008: [-0.014904, -0.610858, -0.265885, -0.000102, -0.648836, -0.256396, -0.000620, -0.648566, -0.258153, -0.000216, -0.648575, -0.256115, -0.036162, -0.648691, -0.257612, -0.034115, -0.649481, -0.258139, -0.034806, -0.648449, -0.254081, 0.069605, -0.641032, -0.159031, -0.078970, -0.637344, -0.146174, 0.008551, -0.584258, -0.235988, -0.035008, -0.581893, -0.231438, 0.164551, -0.462025, -0.094126, -0.160685, -0.459279, -0.086904, 0.225510, -0.208316, -0.064370, -0.267160, -0.236433, -0.113333, 0.234483, -0.024633, -0.169629, -0.124620, -0.166773, -0.289959, 0.235013, 0.034859, -0.202621, -0.085102, -0.128912, -0.338884, 0.216395, 0.022865, -0.244265, -0.043373, -0.169466, -0.345323, 0.220761, -0.017510, -0.189082, -0.093085, -0.173262, -0.297409, 0.104313, -0.012265, -0.002039, -0.103574, 0.009064, 0.002459, 0.108814, 0.069931, -0.061092, -0.098834, 0.149238, -0.083914, 0.144264, 0.378998, 0.137125, -0.037949, 0.507521, 0.143050, 0.149220, 0.402946, 0.149464, -0.026388, 0.531126, 0.167592, 0.166210, 0.379983, -0.017166, -0.016481, 0.551473, 0.011544, 0.000000, 0.000000, 0.000000, 0.000000, 0.000000, 0.000000, 0.000000, 0.000000, 0.000000, 0.000000, 0.000000, 0.000000, 0.000000, 0.000000, 0.000000, 0.000000, 0.000000, 0.000000, 0.000000, 0.000000, 0.000000, 0.000000, 0.000000, 0.000000, 0.000000, 0.000000, 0.000000, 0.000000, 0.000000, 0.000000, 0.000000, 0.000000, 0.000000, 0.000000, 0.000000, 0.000000, 0.000000, 0.000000, 0.000000, 0.000000, 0.000000, 0.000000, 0.000000, 0.000000, 0.000000, 0.000000, 0.000000, 0.000000, 0.000000, 0.000000, 0.000000, 0.000000, 0.000000, 0.000000, 0.000000, 0.000000, 0.000000, 0.000000, 0.000000, 0.000000, 0.000000, 0.000000, 0.000000, -0.124620, -0.166773, -0.289959, -0.095112, -0.185826, -0.291465, -0.071930, -0.197796, -0.293452, -0.046436, -0.212520, -0.293248, -0.024141, -0.230878, -0.292350, -0.052012, -0.171403, -0.299874, -0.042236, -0.171789, -0.289275, -0.040537, -0.176539, -0.271875, -0.047805, -0.182298, -0.267043, -0.056058, -0.153639, -0.298312, -0.046478, -0.156650, -0.285263, -0.057514, -0.164599, -0.265750, -0.061497, -0.161334, -0.255988, -0.058918, -0.137902, -0.298380, -0.057878, -0.141906, -0.280492, -0.063044, -0.150024, -0.264385, -0.070073, -0.146616, -0.255476, -0.072669, -0.130753, -0.293081, -0.067385, -0.133424, -0.280171, -0.073320, -0.139059, -0.264093, -0.080012, -0.136659, -0.258931]
Frame 009: [-0.015650, -0.610860, -0.265080, -0.000903, -0.648860, -0.255717, -0.001420, -0.648589, -0.257469, -0.001019, -0.648598, -0.255435, -0.036924, -0.648702, -0.256778, -0.034876, -0.649492, -0.257301, -0.035567, -0.648460, -0.253246, 0.069130, -0.641253, -0.158764, -0.079300, -0.637443, -0.145340, 0.007964, -0.584301, -0.235361, -0.035537, -0.581915, -0.230591, 0.164552, -0.462406, -0.093962, -0.160721, -0.459378, -0.086301, 0.225538, -0.208435, -0.064115, -0.267770, -0.236544, -0.113032, 0.235565, -0.024601, -0.169194, -0.124838, -0.166584, -0.289975, 0.236674, 0.034938, -0.202087, -0.085215, -0.128611, -0.338913, 0.218118, 0.023047, -0.243958, -0.043460, -0.169114, -0.345364, 0.222023, -0.017451, -0.188766, -0.093274, -0.172985, -0.297417, 0.104339, -0.012269, -0.002157, -0.103607, 0.009057, 0.002584, 0.108706, 0.070522, -0.060477, -0.098669, 0.152686, -0.083471, 0.144648, 0.379243, 0.136929, -0.037919, 0.508325, 0.142906, 0.149613, 0.403219, 0.149228, -0.026360, 0.531872, 0.167312, 0.166685, 0.380191, -0.017015, -0.016824, 0.553107, 0.011784, 0.000000, 0.000000, 0.000000, 0.000000, 0.000000, 0.000000, 0.000000, 0.000000, 0.000000, 0.000000, 0.000000, 0.000000, 0.000000, 0.000000, 0.000000, 0.000000, 0.000000, 0.000000, 0.000000, 0.000000, 0.000000, 0.000000, 0.000000, 0.000000, 0.000000, 0.000000, 0.000000, 0.000000, 0.000000, 0.000000, 0.000000, 0.000000, 0.000000, 0.000000, 0.000000, 0.000000, 0.000000, 0.000000, 0.000000, 0.000000, 0.000000, 0.000000, 0.000000, 0.000000, 0.000000, 0.000000, 0.000000, 0.000000, 0.000000, 0.000000, 0.000000, 0.000000, 0.000000, 0.000000, 0.000000, 0.000000, 0.000000, 0.000000, 0.000000, 0.000000, 0.000000, 0.000000, 0.000000, -0.124838, -0.166584, -0.289975, -0.095881, -0.185586, -0.290243, -0.072586, -0.197698, -0.291852, -0.047205, -0.212672, -0.289395, -0.025031, -0.231397, -0.286774, -0.052768, -0.171119, -0.297689, -0.045536, -0.172669, -0.286841, -0.047164, -0.177083, -0.268510, -0.056465, -0.181158, -0.262605, -0.056919, -0.154068, -0.296371, -0.048326, -0.157841, -0.282886, -0.060128, -0.165695, -0.263467, -0.064339, -0.162418, -0.254896, -0.060027, -0.138782, -0.296780, -0.060004, -0.143789, -0.279014, -0.065716, -0.151901, -0.262096, -0.072440, -0.147905, -0.254167, -0.073648, -0.132348, -0.291574, -0.068946, -0.135028, -0.278401, -0.075591, -0.141078, -0.262560, -0.082190, -0.139652, -0.257652]
Frame 010: [-0.017436, -0.610261, -0.264951, -0.002732, -0.648400, -0.255677, -0.003249, -0.648129, -0.257428, -0.002851, -0.648137, -0.255394, -0.038730, -0.648192, -0.256622, -0.036685, -0.648980, -0.257143, -0.037376, -0.647949, -0.253089, 0.068344, -0.641231, -0.158913, -0.079987, -0.637355, -0.145015, 0.006702, -0.583974, -0.235317, -0.036752, -0.581541, -0.230373, 0.164586, -0.462469, -0.094259, -0.160781, -0.459384, -0.085842, 0.225516, -0.208382, -0.064148, -0.267901, -0.236559, -0.112109, 0.236038, -0.024044, -0.168877, -0.124874, -0.166312, -0.289234, 0.237413, 0.035799, -0.201615, -0.085236, -0.128136, -0.338002, 0.218846, 0.024140, -0.243698, -0.043461, -0.168598, -0.344636, 0.222546, -0.016792, -0.188497, -0.093299, -0.172616, -0.296735, 0.104403, -0.012269, -0.002392, -0.103666, 0.009051, 0.002825, 0.108713, 0.071238, -0.060573, -0.098480, 0.152862, -0.083430, 0.145284, 0.379374, 0.136097, -0.037734, 0.508467, 0.142773, 0.150283, 0.403375, 0.148365, -0.026148, 0.532063, 0.167104, 0.167227, 0.380629, -0.017696, -0.016841, 0.553242, 0.011748, 0.000000, 0.000000, 0.000000, 0.000000, 0.000000, 0.000000, 0.000000, 0.000000, 0.000000, 0.000000, 0.000000, 0.000000, 0.000000, 0.000000, 0.000000, 0.000000, 0.000000, 0.000000, 0.000000, 0.000000, 0.000000, 0.000000, 0.000000, 0.000000, 0.000000, 0.000000, 0.000000, 0.000000, 0.000000, 0.000000, 0.000000, 0.000000, 0.000000, 0.000000, 0.000000, 0.000000, 0.000000, 0.000000, 0.000000, 0.000000, 0.000000, 0.000000, 0.000000, 0.000000, 0.000000, 0.000000, 0.000000, 0.000000, 0.000000, 0.000000, 0.000000, 0.000000, 0.000000, 0.000000, 0.000000, 0.000000, 0.000000, 0.000000, 0.000000, 0.000000, 0.000000, 0.000000, 0.000000, -0.124874, -0.166312, -0.289234, -0.096475, -0.185623, -0.288888, -0.072810, -0.197958, -0.290616, -0.047479, -0.212331, -0.287506, -0.024006, -0.230933, -0.285515, -0.051626, -0.170714, -0.293221, -0.044628, -0.172493, -0.281184, -0.046527, -0.176464, -0.263262, -0.055239, -0.181151, -0.258688, -0.055793, -0.153241, -0.291241, -0.047340, -0.157332, -0.276146, -0.059561, -0.164743, -0.258585, -0.063412, -0.161064, -0.252172, -0.059456, -0.137820, -0.291262, -0.059339, -0.143039, -0.271622, -0.065144, -0.151243, -0.257314, -0.071519, -0.146851, -0.251080, -0.073372, -0.131119, -0.285261, -0.068646, -0.134838, -0.271326, -0.075620, -0.140643, -0.255668, -0.082129, -0.138652, -0.252424]
Frame 011: [-0.017679, -0.610094, -0.264919, -0.002925, -0.648261, -0.255669, -0.003443, -0.647989, -0.257420, -0.003046, -0.647997, -0.255386, -0.038946, -0.648051, -0.256558, -0.036901, -0.648836, -0.257079, -0.037593, -0.647805, -0.253024, 0.068332, -0.641194, -0.159038, -0.080007, -0.637316, -0.144766, 0.006588, -0.583855, -0.235310, -0.036879, -0.581425, -0.230289, 0.164962, -0.462458, -0.094505, -0.160642, -0.459386, -0.085629, 0.225763, -0.208220, -0.064361, -0.267857, -0.236602, -0.111465, 0.237112, -0.023903, -0.168949, -0.124846, -0.165820, -0.288088, 0.238770, 0.035986, -0.201659, -0.085203, -0.127287, -0.336534, 0.220269, 0.024476, -0.243779, -0.043416, -0.167439, -0.343437, 0.223694, -0.016606, -0.188576, -0.093267, -0.171899, -0.295691, 0.104471, -0.012254, -0.002582, -0.103719, 0.009037, 0.003018, 0.108698, 0.071682, -0.061350, -0.098431, 0.152569, -0.083575, 0.145744, 0.379570, 0.135019, -0.037554, 0.508556, 0.142632, 0.150778, 0.403587, 0.147286, -0.025939, 0.532170, 0.166916, 0.167430, 0.380973, -0.019451, -0.016848, 0.553401, 0.011710, 0.000000, 0.000000, 0.000000, 0.000000, 0.000000, 0.000000, 0.000000, 0.000000, 0.000000, 0.000000, 0.000000, 0.000000, 0.000000, 0.000000, 0.000000, 0.000000, 0.000000, 0.000000, 0.000000, 0.000000, 0.000000, 0.000000, 0.000000, 0.000000, 0.000000, 0.000000, 0.000000, 0.000000, 0.000000, 0.000000, 0.000000, 0.000000, 0.000000, 0.000000, 0.000000, 0.000000, 0.000000, 0.000000, 0.000000, 0.000000, 0.000000, 0.000000, 0.000000, 0.000000, 0.000000, 0.000000, 0.000000, 0.000000, 0.000000, 0.000000, 0.000000, 0.000000, 0.000000, 0.000000, 0.000000, 0.000000, 0.000000, 0.000000, 0.000000, 0.000000, 0.000000, 0.000000, 0.000000, -0.124846, -0.165820, -0.288088, -0.096440, -0.186328, -0.288236, -0.072241, -0.198706, -0.289849, -0.046262, -0.212892, -0.288493, -0.022470, -0.231011, -0.287275, -0.049461, -0.171595, -0.293015, -0.040442, -0.173092, -0.281190, -0.040371, -0.177102, -0.264205, -0.047514, -0.182288, -0.261872, -0.053968, -0.152880, -0.290703, -0.044620, -0.156702, -0.276166, -0.056985, -0.164622, -0.258773, -0.060139, -0.160048, -0.252273, -0.058112, -0.136475, -0.290974, -0.057459, -0.141821, -0.271729, -0.063372, -0.150338, -0.257898, -0.069933, -0.146038, -0.251044, -0.072811, -0.129217, -0.284804, -0.068137, -0.133807, -0.271423, -0.074583, -0.139771, -0.256124, -0.080535, -0.136434, -0.253258]
Frame 012: [-0.017747, -0.609855, -0.264727, -0.002977, -0.648042, -0.255513, -0.003496, -0.647766, -0.257261, -0.003100, -0.647773, -0.255221, -0.038987, -0.647804, -0.256283, -0.036943, -0.648584, -0.256813, -0.037636, -0.647553, -0.252755, 0.068326, -0.641046, -0.159044, -0.079989, -0.637048, -0.144449, 0.006552, -0.583640, -0.235234, -0.036909, -0.581176, -0.230084, 0.165364, -0.462412, -0.094681, -0.160486, -0.459196, -0.085126, 0.225776, -0.208175, -0.064745, -0.267580, -0.236332, -0.111530, 0.237042, -0.024086, -0.169015, -0.123507, -0.165656, -0.290286, 0.238667, 0.035740, -0.201778, -0.083478, -0.127127, -0.339534, 0.220198, 0.024149, -0.243868, -0.041304, -0.167408, -0.345987, 0.223634, -0.016852, -0.188635, -0.091706, -0.171768, -0.297890, 0.104600, -0.012246, -0.002878, -0.103836, 0.009025, 0.003313, 0.108740, 0.069957, -0.063899, -0.098443, 0.148284, -0.084339, 0.145869, 0.378235, 0.132699, -0.037475, 0.506364, 0.142529, 0.150891, 0.402031, 0.144854, -0.025789, 0.529930, 0.166799, 0.167441, 0.379107, -0.023854, -0.016856, 0.551520, 0.011113, 0.000000, 0.000000, 0.000000, 0.000000, 0.000000, 0.000000, 0.000000, 0.000000, 0.000000, 0.000000, 0.000000, 0.000000, 0.000000, 0.000000, 0.000000, 0.000000, 0.000000, 0.000000, 0.000000, 0.000000, 0.000000, 0.000000, 0.000000, 0.000000, 0.000000, 0.000000, 0.000000, 0.000000, 0.000000, 0.000000, 0.000000, 0.000000, 0.000000, 0.000000, 0.000000, 0.000000, 0.000000, 0.000000, 0.000000, 0.000000, 0.000000, 0.000000, 0.000000, 0.000000, 0.000000, 0.000000, 0.000000, 0.000000, 0.000000, 0.000000, 0.000000, 0.000000, 0.000000, 0.000000, 0.000000, 0.000000, 0.000000, 0.000000, 0.000000, 0.000000, 0.000000, 0.000000, 0.000000, -0.123507, -0.165656, -0.290286, -0.094799, -0.187631, -0.291035, -0.070485, -0.199439, -0.294331, -0.044619, -0.214128, -0.298390, -0.021012, -0.233350, -0.300932, -0.045543, -0.173007, -0.297476, -0.032631, -0.174938, -0.288756, -0.028227, -0.178632, -0.274255, -0.030495, -0.186199, -0.273309, -0.049120, -0.155241, -0.295346, -0.038480, -0.160158, -0.284214, -0.049504, -0.167269, -0.267537, -0.051804, -0.162627, -0.259343, -0.052293, -0.139395, -0.295711, -0.050788, -0.144573, -0.279424, -0.055382, -0.153928, -0.266913, -0.062618, -0.149515, -0.257258, -0.066483, -0.132051, -0.289144, -0.062323, -0.137722, -0.277568, -0.068049, -0.142820, -0.263471, -0.074451, -0.138821, -0.259924]
Frame 013: [-0.017740, -0.609185, -0.264119, -0.002971, -0.647401, -0.254872, -0.003491, -0.647120, -0.256609, -0.003095, -0.647124, -0.254555, -0.038972, -0.647102, -0.255653, -0.036927, -0.647867, -0.256201, -0.037621, -0.646836, -0.252141, 0.068223, -0.640532, -0.158711, -0.080025, -0.636206, -0.144172, 0.006527, -0.583004, -0.234759, -0.036926, -0.580451, -0.229611, 0.165386, -0.462309, -0.094671, -0.160610, -0.458418, -0.084918, 0.225773, -0.208161, -0.064822, -0.267559, -0.235613, -0.112719, 0.236986, -0.024891, -0.168997, -0.123212, -0.165635, -0.295174, 0.238437, 0.034812, -0.201781, -0.083105, -0.127130, -0.345127, 0.220003, 0.022993, -0.243862, -0.040867, -0.167538, -0.351384, 0.223539, -0.017812, -0.188613, -0.091368, -0.171753, -0.302845, 0.104775, -0.012270, -0.002977, -0.104003, 0.009051, 0.003403, 0.109092, 0.063885, -0.067041, -0.098513, 0.143954, -0.086165, 0.146235, 0.371704, 0.130781, -0.037613, 0.504409, 0.142049, 0.151293, 0.394953, 0.142898, -0.025878, 0.528087, 0.166405, 0.167943, 0.371452, -0.026155, -0.016939, 0.549662, 0.008736, 0.000000, 0.000000, 0.000000, 0.000000, 0.000000, 0.000000, 0.000000, 0.000000, 0.000000, 0.000000, 0.000000, 0.000000, 0.000000, 0.000000, 0.000000, 0.000000, 0.000000, 0.000000, 0.000000, 0.000000, 0.000000, 0.000000, 0.000000, 0.000000, 0.000000, 0.000000, 0.000000, 0.000000, 0.000000, 0.000000, 0.000000, 0.000000, 0.000000, 0.000000, 0.000000, 0.000000, 0.000000, 0.000000, 0.000000, 0.000000, 0.000000, 0.000000, 0.000000, 0.000000, 0.000000, 0.000000, 0.000000, 0.000000, 0.000000, 0.000000, 0.000000, 0.000000, 0.000000, 0.000000, 0.000000, 0.000000, 0.000000, 0.000000, 0.000000, 0.000000, 0.000000, 0.000000, 0.000000, -0.123212, -0.165635, -0.295174, -0.100242, -0.188724, -0.292758, -0.078361, -0.200742, -0.293237, -0.057429, -0.215807, -0.290969, -0.032976, -0.234162, -0.287394, -0.056132, -0.177008, -0.289418, -0.046301, -0.178052, -0.276139, -0.047776, -0.182425, -0.264028, -0.061617, -0.183646, -0.266312, -0.059257, -0.158156, -0.285757, -0.052211, -0.163040, -0.274271, -0.065651, -0.171442, -0.259160, -0.067413, -0.163201, -0.259284, -0.060822, -0.142525, -0.287600, -0.064722, -0.147657, -0.270865, -0.070862, -0.157500, -0.261084, -0.076784, -0.152774, -0.256391, -0.075002, -0.135105, -0.284125, -0.075714, -0.139891, -0.270722, -0.081501, -0.146836, -0.259793, -0.087047, -0.145211, -0.256879]
Frame 014: [-0.017816, -0.608926, -0.263859, -0.003037, -0.647129, -0.254603, -0.003557, -0.646847, -0.256333, -0.003163, -0.646849, -0.254271, -0.039018, -0.646803, -0.255421, -0.036972, -0.647562, -0.255981, -0.037667, -0.646529, -0.251921, 0.067815, -0.640265, -0.158596, -0.080278, -0.635766, -0.144147, 0.006302, -0.582745, -0.234557, -0.037118, -0.580142, -0.229450, 0.165281, -0.462221, -0.094670, -0.160967, -0.457930, -0.084883, 0.225756, -0.208141, -0.064829, -0.267453, -0.234622, -0.113134, 0.236275, -0.026432, -0.168436, -0.123197, -0.164494, -0.295507, 0.237131, 0.032738, -0.201264, -0.083130, -0.126019, -0.345387, 0.218770, 0.020317, -0.243159, -0.040965, -0.166555, -0.351759, 0.222692, -0.019736, -0.187998, -0.091372, -0.170645, -0.303210, 0.104902, -0.012275, -0.003062, -0.104141, 0.009051, 0.003481, 0.109372, 0.062522, -0.068967, -0.098502, 0.143437, -0.087610, 0.146682, 0.370782, 0.127736, -0.037617, 0.504128, 0.140497, 0.151759, 0.393960, 0.139626, -0.025874, 0.527906, 0.164732, 0.168644, 0.371133, -0.029408, -0.017177, 0.549718, 0.005426, 0.000000, 0.000000, 0.000000, 0.000000, 0.000000, 0.000000, 0.000000, 0.000000, 0.000000, 0.000000, 0.000000, 0.000000, 0.000000, 0.000000, 0.000000, 0.000000, 0.000000, 0.000000, 0.000000, 0.000000, 0.000000, 0.000000, 0.000000, 0.000000, 0.000000, 0.000000, 0.000000, 0.000000, 0.000000, 0.000000, 0.000000, 0.000000, 0.000000, 0.000000, 0.000000, 0.000000, 0.000000, 0.000000, 0.000000, 0.000000, 0.000000, 0.000000, 0.000000, 0.000000, 0.000000, 0.000000, 0.000000, 0.000000, 0.000000, 0.000000, 0.000000, 0.000000, 0.000000, 0.000000, 0.000000, 0.000000, 0.000000, 0.000000, 0.000000, 0.000000, 0.000000, 0.000000, 0.000000, -0.123197, -0.164494, -0.295507, -0.098277, -0.188837, -0.296962, -0.074571, -0.200315, -0.300354, -0.053387, -0.215247, -0.304050, -0.029679, -0.232317, -0.305941, -0.049185, -0.175704, -0.301548, -0.033779, -0.176342, -0.290775, -0.030265, -0.182326, -0.277729, -0.041710, -0.184900, -0.278833, -0.052528, -0.156576, -0.297943, -0.041628, -0.162181, -0.286193, -0.053320, -0.169751, -0.269570, -0.056070, -0.162059, -0.263425, -0.054716, -0.140475, -0.297721, -0.053296, -0.145880, -0.280466, -0.060281, -0.154958, -0.267376, -0.067332, -0.150873, -0.258889, -0.069524, -0.133180, -0.291803, -0.065743, -0.138146, -0.278480, -0.070230, -0.144611, -0.265849, -0.077508, -0.142043, -0.260953]
Frame 015: [-0.018046, -0.607887, -0.263281, -0.003319, -0.646156, -0.254056, -0.003842, -0.645872, -0.255784, -0.003448, -0.645876, -0.253713, -0.039266, -0.645817, -0.254813, -0.037219, -0.646574, -0.255378, -0.037914, -0.645544, -0.251317, 0.067420, -0.639767, -0.158194, -0.080569, -0.635215, -0.143738, 0.006001, -0.581927, -0.234052, -0.037387, -0.579294, -0.228933, 0.165279, -0.462091, -0.094614, -0.161201, -0.457722, -0.084097, 0.225349, -0.207890, -0.064817, -0.267236, -0.234271, -0.114363, 0.234256, -0.026345, -0.168327, -0.123248, -0.165158, -0.304226, 0.234474, 0.032817, -0.201219, -0.083455, -0.127591, -0.356102, 0.216135, 0.020344, -0.243137, -0.041440, -0.168744, -0.362023, 0.220518, -0.019699, -0.187919, -0.091510, -0.171556, -0.312017, 0.104973, -0.012305, -0.003159, -0.104224, 0.009066, 0.003580, 0.109558, 0.061989, -0.069118, -0.098486, 0.143687, -0.087778, 0.146708, 0.369607, 0.126618, -0.037677, 0.503250, 0.139242, 0.151770, 0.392803, 0.138418, -0.025907, 0.526954, 0.163105, 0.168724, 0.370589, -0.030028, -0.017297, 0.549512, 0.003368, 0.000000, 0.000000, 0.000000, 0.000000, 0.000000, 0.000000, 0.000000, 0.000000, 0.000000, 0.000000, 0.000000, 0.000000, 0.000000, 0.000000, 0.000000, 0.000000, 0.000000, 0.000000, 0.000000, 0.000000, 0.000000, 0.000000, 0.000000, 0.000000, 0.000000, 0.000000, 0.000000, 0.000000, 0.000000, 0.000000, 0.000000, 0.000000, 0.000000, 0.000000, 0.000000, 0.000000, 0.000000, 0.000000, 0.000000, 0.000000, 0.000000, 0.000000, 0.000000, 0.000000, 0.000000, 0.000000, 0.000000, 0.000000, 0.000000, 0.000000, 0.000000, 0.000000, 0.000000, 0.000000, 0.000000, 0.000000, 0.000000, 0.000000, 0.000000, 0.000000, 0.000000, 0.000000, 0.000000, -0.123248, -0.165158, -0.304226, -0.097584, -0.185027, -0.306968, -0.076087, -0.196539, -0.310507, -0.058765, -0.211628, -0.312494, -0.038126, -0.233165, -0.313634, -0.053894, -0.171897, -0.312832, -0.045869, -0.175445, -0.302430, -0.042299, -0.181401, -0.288131, -0.048179, -0.183696, -0.288068, -0.057135, -0.157304, -0.310571, -0.048811, -0.165001, -0.299773, -0.060080, -0.172143, -0.284663, -0.059300, -0.165405, -0.277309, -0.057760, -0.146714, -0.311394, -0.060161, -0.154321, -0.294440, -0.065612, -0.160587, -0.284126, -0.071048, -0.154359, -0.276674, -0.070713, -0.142240, -0.304772, -0.070729, -0.147350, -0.293093, -0.074512, -0.151241, -0.280631, -0.080741, -0.147184, -0.278421]
Frame 016: [-0.018827, -0.604558, -0.263138, -0.004178, -0.643104, -0.254016, -0.004701, -0.642814, -0.255741, -0.004311, -0.642813, -0.253668, -0.040085, -0.642758, -0.254690, -0.038039, -0.643501, -0.255261, -0.038736, -0.642467, -0.251201, 0.067069, -0.638308, -0.158401, -0.080813, -0.633710, -0.143639, 0.005488, -0.579278, -0.234001, -0.037856, -0.576627, -0.228762, 0.165559, -0.461468, -0.095189, -0.161197, -0.457369, -0.083954, 0.224914, -0.206265, -0.065388, -0.266456, -0.234137, -0.114855, 0.233309, -0.025672, -0.168283, -0.123425, -0.165157, -0.305355, 0.233469, 0.033634, -0.201154, -0.084108, -0.127597, -0.356845, 0.215136, 0.021091, -0.243116, -0.042231, -0.168697, -0.363276, 0.219523, -0.019092, -0.187882, -0.091795, -0.171545, -0.313367, 0.105064, -0.012302, -0.003336, -0.104319, 0.009064, 0.003746, 0.109509, 0.060820, -0.071207, -0.098826, 0.142932, -0.088812, 0.146672, 0.368689, 0.123631, -0.038499, 0.503049, 0.137979, 0.151732, 0.391826, 0.135298, -0.026767, 0.526836, 0.161843, 0.168561, 0.369876, -0.033068, -0.018884, 0.549338, 0.001662, 0.000000, 0.000000, 0.000000, 0.000000, 0.000000, 0.000000, 0.000000, 0.000000, 0.000000, 0.000000, 0.000000, 0.000000, 0.000000, 0.000000, 0.000000, 0.000000, 0.000000, 0.000000, 0.000000, 0.000000, 0.000000, 0.000000, 0.000000, 0.000000, 0.000000, 0.000000, 0.000000, 0.000000, 0.000000, 0.000000, 0.000000, 0.000000, 0.000000, 0.000000, 0.000000, 0.000000, 0.000000, 0.000000, 0.000000, 0.000000, 0.000000, 0.000000, 0.000000, 0.000000, 0.000000, 0.000000, 0.000000, 0.000000, 0.000000, 0.000000, 0.000000, 0.000000, 0.000000, 0.000000, 0.000000, 0.000000, 0.000000, 0.000000, 0.000000, 0.000000, 0.000000, 0.000000, 0.000000, -0.123425, -0.165157, -0.305355, -0.094612, -0.185562, -0.314589, -0.071712, -0.196856, -0.324590, -0.054465, -0.213031, -0.338413, -0.035195, -0.233485, -0.347302, -0.050704, -0.170477, -0.336839, -0.039299, -0.169690, -0.330854, -0.026755, -0.173704, -0.315015, -0.021387, -0.179734, -0.310085, -0.054750, -0.154962, -0.330990, -0.041403, -0.158523, -0.322632, -0.044868, -0.166895, -0.304300, -0.040351, -0.163714, -0.290669, -0.055653, -0.143070, -0.327548, -0.052682, -0.149016, -0.312306, -0.054425, -0.154290, -0.299003, -0.057078, -0.150527, -0.283015, -0.067194, -0.138715, -0.315920, -0.063551, -0.144135, -0.305352, -0.064740, -0.145981, -0.290276, -0.069019, -0.142552, -0.284525]
Frame 017: [-0.019228, -0.603109, -0.262648, -0.004628, -0.641810, -0.253654, -0.005154, -0.641516, -0.255379, -0.004762, -0.641515, -0.253301, -0.040527, -0.641489, -0.254167, -0.038480, -0.642232, -0.254735, -0.039176, -0.641200, -0.250675, 0.066924, -0.637658, -0.158264, -0.080941, -0.633147, -0.142941, 0.005217, -0.578087, -0.233604, -0.038120, -0.575462, -0.228176, 0.165796, -0.461311, -0.095204, -0.161154, -0.457149, -0.082743, 0.224732, -0.205900, -0.065605, -0.263975, -0.233939, -0.116014, 0.232521, -0.025614, -0.168878, -0.123888, -0.166982, -0.314441, 0.232661, 0.033678, -0.201918, -0.085915, -0.130816, -0.367204, 0.214167, 0.021130, -0.244195, -0.045103, -0.171571, -0.373829, 0.218655, -0.019039, -0.188657, -0.092769, -0.173378, -0.322948, 0.105118, -0.012323, -0.003514, -0.104376, 0.009071, 0.003937, 0.109311, 0.059556, -0.071112, -0.099249, 0.142693, -0.088814, 0.146370, 0.365935, 0.123704, -0.039588, 0.501802, 0.137986, 0.151322, 0.388841, 0.135416, -0.027884, 0.525368, 0.161870, 0.167873, 0.366373, -0.033089, -0.020470, 0.548091, 0.001717, 0.000000, 0.000000, 0.000000, 0.000000, 0.000000, 0.000000, 0.000000, 0.000000, 0.000000, 0.000000, 0.000000, 0.000000, 0.000000, 0.000000, 0.000000, 0.000000, 0.000000, 0.000000, 0.000000, 0.000000, 0.000000, 0.000000, 0.000000, 0.000000, 0.000000, 0.000000, 0.000000, 0.000000, 0.000000, 0.000000, 0.000000, 0.000000, 0.000000, 0.000000, 0.000000, 0.000000, 0.000000, 0.000000, 0.000000, 0.000000, 0.000000, 0.000000, 0.000000, 0.000000, 0.000000, 0.000000, 0.000000, 0.000000, 0.000000, 0.000000, 0.000000, 0.000000, 0.000000, 0.000000, 0.000000, 0.000000, 0.000000, 0.000000, 0.000000, 0.000000, 0.000000, 0.000000, 0.000000, -0.123888, -0.166982, -0.314441, -0.096608, -0.187902, -0.330192, -0.074409, -0.196275, -0.346079, -0.055835, -0.214542, -0.367108, -0.043362, -0.233894, -0.384142, -0.056704, -0.170421, -0.367711, -0.042291, -0.168572, -0.369044, -0.028632, -0.173895, -0.354094, -0.019751, -0.182242, -0.335540, -0.058545, -0.157110, -0.362198, -0.042979, -0.157403, -0.358695, -0.032001, -0.165420, -0.338983, -0.016669, -0.172626, -0.319372, -0.059858, -0.147171, -0.355751, -0.051476, -0.149817, -0.347398, -0.036658, -0.152755, -0.328882, -0.024487, -0.158858, -0.308551, -0.068795, -0.143985, -0.339796, -0.059517, -0.144989, -0.335262, -0.048616, -0.148307, -0.321329, -0.037749, -0.152885, -0.310289]
Frame 018: [-0.020138, -0.600806, -0.261248, -0.005447, -0.639568, -0.252437, -0.005972, -0.639276, -0.254125, -0.005579, -0.639258, -0.252046, -0.041402, -0.639414, -0.252697, -0.039348, -0.640154, -0.253294, -0.040045, -0.639124, -0.249240, 0.066624, -0.636281, -0.157242, -0.081366, -0.632327, -0.140949, 0.004447, -0.576146, -0.232265, -0.038929, -0.573672, -0.226588, 0.165868, -0.461056, -0.094584, -0.161153, -0.456777, -0.079582, 0.222637, -0.205811, -0.066506, -0.259529, -0.233086, -0.124074, 0.227688, -0.025369, -0.170821, -0.124670, -0.167837, -0.338033, 0.227316, 0.033854, -0.203386, -0.088461, -0.133659, -0.393133, 0.209167, 0.021493, -0.245528, -0.049232, -0.172900, -0.397435, 0.213849, -0.018753, -0.190636, -0.094339, -0.174010, -0.346013, 0.105147, -0.012470, -0.003641, -0.104442, 0.009157, 0.004062, 0.108335, 0.059437, -0.071250, -0.099611, 0.148893, -0.088868, 0.146110, 0.363048, 0.120492, -0.041994, 0.501714, 0.136735, 0.150965, 0.385580, 0.132007, -0.030648, 0.525296, 0.160053, 0.167151, 0.366159, -0.036059, -0.025178, 0.549433, -0.000590, 0.000000, 0.000000, 0.000000, 0.000000, 0.000000, 0.000000, 0.000000, 0.000000, 0.000000, 0.000000, 0.000000, 0.000000, 0.000000, 0.000000, 0.000000, 0.000000, 0.000000, 0.000000, 0.000000, 0.000000, 0.000000, 0.000000, 0.000000, 0.000000, 0.000000, 0.000000, 0.000000, 0.000000, 0.000000, 0.000000, 0.000000, 0.000000, 0.000000, 0.000000, 0.000000, 0.000000, 0.000000, 0.000000, 0.000000, 0.000000, 0.000000, 0.000000, 0.000000, 0.000000, 0.000000, 0.000000, 0.000000, 0.000000, 0.000000, 0.000000, 0.000000, 0.000000, 0.000000, 0.000000, 0.000000, 0.000000, 0.000000, 0.000000, 0.000000, 0.000000, 0.000000, 0.000000, 0.000000, -0.124670, -0.167837, -0.338033, -0.099126, -0.186504, -0.347789, -0.080133, -0.195036, -0.361016, -0.064700, -0.211446, -0.375913, -0.052971, -0.231135, -0.388542, -0.062405, -0.170002, -0.381009, -0.051003, -0.170659, -0.379804, -0.036881, -0.175729, -0.364467, -0.029183, -0.181579, -0.347964, -0.064063, -0.160151, -0.376121, -0.051413, -0.161598, -0.370784, -0.040297, -0.168088, -0.350939, -0.025227, -0.170336, -0.330793, -0.064176, -0.152934, -0.372599, -0.059489, -0.156023, -0.363285, -0.043924, -0.157536, -0.343350, -0.031813, -0.159119, -0.323576, -0.072011, -0.151702, -0.360805, -0.066519, -0.151003, -0.353448, -0.057856, -0.152630, -0.339053, -0.048591, -0.154290, -0.330529]
Frame 019: [-0.020280, -0.600132, -0.260725, -0.005569, -0.638877, -0.251895, -0.006094, -0.638586, -0.253566, -0.005702, -0.638562, -0.251486, -0.041561, -0.638759, -0.252091, -0.039505, -0.639494, -0.252702, -0.040202, -0.638465, -0.248650, 0.066597, -0.635601, -0.156588, -0.081476, -0.631810, -0.140017, 0.004334, -0.575453, -0.231732, -0.039080, -0.573005, -0.225991, 0.166049, -0.460780, -0.094017, -0.161055, -0.456157, -0.078328, 0.222335, -0.205795, -0.067468, -0.257116, -0.231690, -0.128329, 0.226961, -0.026020, -0.173823, -0.124731, -0.168116, -0.344288, 0.226456, 0.032541, -0.206176, -0.088842, -0.134917, -0.399523, 0.208624, 0.020373, -0.247899, -0.049994, -0.173637, -0.403169, 0.213222, -0.019474, -0.193594, -0.094576, -0.174249, -0.352014, 0.105174, -0.012574, -0.003714, -0.104487, 0.009219, 0.004133, 0.108029, 0.058529, -0.071963, -0.099911, 0.149827, -0.089365, 0.146109, 0.360532, 0.119055, -0.042813, 0.501448, 0.136059, 0.150958, 0.382823, 0.130615, -0.031511, 0.525051, 0.159252, 0.167071, 0.365016, -0.037836, -0.026742, 0.549800, -0.001985, 0.000000, 0.000000, 0.000000, 0.000000, 0.000000, 0.000000, 0.000000, 0.000000, 0.000000, 0.000000, 0.000000, 0.000000, 0.000000, 0.000000, 0.000000, 0.000000, 0.000000, 0.000000, 0.000000, 0.000000, 0.000000, 0.000000, 0.000000, 0.000000, 0.000000, 0.000000, 0.000000, 0.000000, 0.000000, 0.000000, 0.000000, 0.000000, 0.000000, 0.000000, 0.000000, 0.000000, 0.000000, 0.000000, 0.000000, 0.000000, 0.000000, 0.000000, 0.000000, 0.000000, 0.000000, 0.000000, 0.000000, 0.000000, 0.000000, 0.000000, 0.000000, 0.000000, 0.000000, 0.000000, 0.000000, 0.000000, 0.000000, 0.000000, 0.000000, 0.000000, 0.000000, 0.000000, 0.000000, -0.124731, -0.168116, -0.344288, -0.098094, -0.189377, -0.353827, -0.077946, -0.198091, -0.368767, -0.062607, -0.215575, -0.388839, -0.051824, -0.235840, -0.404388, -0.059921, -0.173351, -0.386099, -0.047342, -0.173070, -0.384507, -0.033326, -0.178176, -0.368120, -0.023891, -0.184096, -0.350304, -0.061512, -0.161736, -0.381368, -0.048448, -0.162513, -0.374205, -0.039359, -0.170124, -0.352568, -0.026440, -0.174746, -0.332444, -0.061629, -0.152619, -0.376722, -0.056079, -0.155937, -0.362854, -0.044188, -0.158365, -0.343313, -0.034777, -0.162357, -0.324114, -0.070067, -0.150104, -0.362152, -0.062898, -0.151849, -0.354027, -0.056437, -0.153913, -0.338342, -0.051181, -0.156951, -0.328438]
Frame 020: [-0.019982, -0.599783, -0.257025, -0.005222, -0.638513, -0.248077, -0.005746, -0.638220, -0.249711, -0.005359, -0.638195, -0.247619, -0.041200, -0.638470, -0.248513, -0.039141, -0.639202, -0.249172, -0.039840, -0.638173, -0.245122, 0.066659, -0.635287, -0.152546, -0.081379, -0.631755, -0.137195, 0.004466, -0.575092, -0.227867, -0.038937, -0.572739, -0.222511, 0.166080, -0.460751, -0.091338, -0.160915, -0.456145, -0.075853, 0.222328, -0.205793, -0.067011, -0.256783, -0.231707, -0.128227, 0.227291, -0.026246, -0.173458, -0.125187, -0.168270, -0.340708, 0.227052, 0.032197, -0.205901, -0.089724, -0.134983, -0.395458, 0.209349, 0.020179, -0.247516, -0.050670, -0.173647, -0.399533, 0.213690, -0.019692, -0.193222, -0.095148, -0.174345, -0.348482, 0.105199, -0.012614, -0.003754, -0.104517, 0.009261, 0.004168, 0.108188, 0.058652, -0.073008, -0.100203, 0.149808, -0.090280, 0.146229, 0.360872, 0.116525, -0.042809, 0.501504, 0.133922, 0.151046, 0.383229, 0.127821, -0.031485, 0.525218, 0.156722, 0.167066, 0.365574, -0.039384, -0.026677, 0.550938, -0.004892, 0.000000, 0.000000, 0.000000, 0.000000, 0.000000, 0.000000, 0.000000, 0.000000, 0.000000, 0.000000, 0.000000, 0.000000, 0.000000, 0.000000, 0.000000, 0.000000, 0.000000, 0.000000, 0.000000, 0.000000, 0.000000, 0.000000, 0.000000, 0.000000, 0.000000, 0.000000, 0.000000, 0.000000, 0.000000, 0.000000, 0.000000, 0.000000, 0.000000, 0.000000, 0.000000, 0.000000, 0.000000, 0.000000, 0.000000, 0.000000, 0.000000, 0.000000, 0.000000, 0.000000, 0.000000, 0.000000, 0.000000, 0.000000, 0.000000, 0.000000, 0.000000, 0.000000, 0.000000, 0.000000, 0.000000, 0.000000, 0.000000, 0.000000, 0.000000, 0.000000, 0.000000, 0.000000, 0.000000, -0.125187, -0.168270, -0.340708, -0.096347, -0.189647, -0.349872, -0.073527, -0.198394, -0.362305, -0.054517, -0.216896, -0.380544, -0.041179, -0.235661, -0.397866, -0.051405, -0.172557, -0.380504, -0.036259, -0.171459, -0.377622, -0.023558, -0.176702, -0.359173, -0.015004, -0.183251, -0.336909, -0.052856, -0.157880, -0.376837, -0.037835, -0.159350, -0.366219, -0.028577, -0.167331, -0.340850, -0.017075, -0.170964, -0.317369, -0.054543, -0.146828, -0.371457, -0.045843, -0.151022, -0.355053, -0.034843, -0.154680, -0.331769, -0.025549, -0.158043, -0.310643, -0.064871, -0.143987, -0.356766, -0.055840, -0.145355, -0.347022, -0.049139, -0.148894, -0.327957, -0.042465, -0.152279, -0.316550]
Frame 021: [-0.019768, -0.599841, -0.256164, -0.004998, -0.638559, -0.247044, -0.005522, -0.638266, -0.248679, -0.005139, -0.638241, -0.246585, -0.040987, -0.638524, -0.247565, -0.038926, -0.639255, -0.248230, -0.039627, -0.638226, -0.244181, 0.066738, -0.635260, -0.151387, -0.081330, -0.631747, -0.136405, 0.004611, -0.575104, -0.226958, -0.038807, -0.572758, -0.221699, 0.166165, -0.460668, -0.090899, -0.160863, -0.456144, -0.075748, 0.222404, -0.205503, -0.066492, -0.257339, -0.232456, -0.128113, 0.228682, -0.025261, -0.171911, -0.125445, -0.169020, -0.339190, 0.229149, 0.033705, -0.204619, -0.089875, -0.135183, -0.393429, 0.211146, 0.021979, -0.246642, -0.050592, -0.174009, -0.397309, 0.215141, -0.018527, -0.191841, -0.095305, -0.175083, -0.346729, 0.105222, -0.012621, -0.003793, -0.104545, 0.009275, 0.004207, 0.108483, 0.058733, -0.074892, -0.100205, 0.148001, -0.092006, 0.146291, 0.361332, 0.115383, -0.042717, 0.501575, 0.131730, 0.151113, 0.383778, 0.126725, -0.031362, 0.525451, 0.154590, 0.167096, 0.366465, -0.039578, -0.026356, 0.550962, -0.006555, 0.000000, 0.000000, 0.000000, 0.000000, 0.000000, 0.000000, 0.000000, 0.000000, 0.000000, 0.000000, 0.000000, 0.000000, 0.000000, 0.000000, 0.000000, 0.000000, 0.000000, 0.000000, 0.000000, 0.000000, 0.000000, 0.000000, 0.000000, 0.000000, 0.000000, 0.000000, 0.000000, 0.000000, 0.000000, 0.000000, 0.000000, 0.000000, 0.000000, 0.000000, 0.000000, 0.000000, 0.000000, 0.000000, 0.000000, 0.000000, 0.000000, 0.000000, 0.000000, 0.000000, 0.000000, 0.000000, 0.000000, 0.000000, 0.000000, 0.000000, 0.000000, 0.000000, 0.000000, 0.000000, 0.000000, 0.000000, 0.000000, 0.000000, 0.000000, 0.000000, 0.000000, 0.000000, 0.000000, -0.125445, -0.169020, -0.339190, -0.095887, -0.188937, -0.344404, -0.072606, -0.199719, -0.351450, -0.052769, -0.215259, -0.364296, -0.034003, -0.234314, -0.371904, -0.046968, -0.171920, -0.358729, -0.031429, -0.170036, -0.350217, -0.021255, -0.175179, -0.333963, -0.016430, -0.180783, -0.325298, -0.050127, -0.155229, -0.353942, -0.036622, -0.157964, -0.339310, -0.044554, -0.165913, -0.317803, -0.046081, -0.161534, -0.300019, -0.052274, -0.141198, -0.350711, -0.047673, -0.145775, -0.328528, -0.051962, -0.152929, -0.311668, -0.059168, -0.150606, -0.296650, -0.063974, -0.134435, -0.339129, -0.058923, -0.139269, -0.326034, -0.061426, -0.143610, -0.308503, -0.068098, -0.142863, -0.302464]
Frame 022: [-0.019328, -0.601194, -0.255574, -0.004486, -0.639707, -0.246182, -0.005007, -0.639414, -0.247799, -0.004638, -0.639395, -0.245700, -0.040453, -0.639608, -0.247109, -0.038387, -0.640325, -0.247795, -0.039094, -0.639291, -0.243743, 0.066546, -0.635610, -0.149819, -0.081501, -0.631918, -0.136346, 0.004667, -0.575982, -0.226094, -0.038759, -0.573575, -0.221285, 0.164808, -0.461061, -0.088200, -0.161448, -0.456172, -0.075782, 0.222449, -0.205956, -0.061799, -0.261430, -0.233541, -0.123541, 0.231744, -0.025495, -0.163635, -0.125443, -0.168983, -0.314310, 0.233005, 0.033466, -0.196913, -0.089278, -0.134442, -0.365785, 0.215766, 0.021668, -0.238418, -0.049097, -0.173891, -0.370605, 0.218645, -0.018831, -0.183246, -0.095139, -0.175093, -0.321627, 0.105243, -0.012625, -0.003811, -0.104571, 0.009305, 0.004199, 0.111123, 0.058347, -0.075752, -0.099812, 0.143696, -0.092411, 0.147850, 0.361575, 0.115694, -0.040762, 0.501687, 0.131728, 0.152937, 0.384011, 0.126990, -0.029019, 0.525938, 0.154605, 0.169800, 0.367298, -0.037110, -0.022873, 0.551078, -0.006437, 0.000000, 0.000000, 0.000000, 0.000000, 0.000000, 0.000000, 0.000000, 0.000000, 0.000000, 0.000000, 0.000000, 0.000000, 0.000000, 0.000000, 0.000000, 0.000000, 0.000000, 0.000000, 0.000000, 0.000000, 0.000000, 0.000000, 0.000000, 0.000000, 0.000000, 0.000000, 0.000000, 0.000000, 0.000000, 0.000000, 0.000000, 0.000000, 0.000000, 0.000000, 0.000000, 0.000000, 0.000000, 0.000000, 0.000000, 0.000000, 0.000000, 0.000000, 0.000000, 0.000000, 0.000000, 0.000000, 0.000000, 0.000000, 0.000000, 0.000000, 0.000000, 0.000000, 0.000000, 0.000000, 0.000000, 0.000000, 0.000000, 0.000000, 0.000000, 0.000000, 0.000000, 0.000000, 0.000000, -0.125443, -0.168983, -0.314310, -0.095384, -0.192577, -0.319142, -0.071098, -0.204618, -0.324656, -0.047942, -0.221432, -0.335891, -0.027223, -0.238214, -0.345991, -0.043317, -0.178592, -0.332859, -0.024662, -0.177829, -0.325853, -0.017571, -0.181575, -0.309688, -0.019638, -0.185213, -0.299322, -0.044716, -0.158247, -0.329403, -0.027946, -0.162611, -0.316957, -0.034018, -0.171724, -0.297569, -0.035988, -0.167938, -0.282633, -0.047000, -0.141350, -0.327556, -0.038941, -0.148223, -0.309407, -0.043354, -0.156627, -0.291263, -0.050426, -0.154872, -0.277103, -0.059853, -0.134074, -0.318131, -0.052168, -0.140254, -0.306765, -0.054731, -0.146886, -0.290600, -0.060683, -0.145464, -0.284842]
Frame 023: [-0.019215, -0.605443, -0.255610, -0.004279, -0.643487, -0.246206, -0.004800, -0.643196, -0.247823, -0.004431, -0.643194, -0.245725, -0.040168, -0.643331, -0.247148, -0.038108, -0.644066, -0.247825, -0.038811, -0.643035, -0.243773, 0.066404, -0.636991, -0.149871, -0.081505, -0.633157, -0.136523, 0.004632, -0.579189, -0.226160, -0.038764, -0.576748, -0.221382, 0.163151, -0.461170, -0.088454, -0.162195, -0.456205, -0.076115, 0.221361, -0.205964, -0.061887, -0.267175, -0.233442, -0.116666, 0.229424, -0.025796, -0.163767, -0.124572, -0.168701, -0.293578, 0.229774, 0.032848, -0.196974, -0.085387, -0.133769, -0.341577, 0.212396, 0.020819, -0.238275, -0.044115, -0.173859, -0.346516, 0.216109, -0.019214, -0.183304, -0.093531, -0.175022, -0.300287, 0.105256, -0.012672, -0.003873, -0.104578, 0.009332, 0.004272, 0.111481, 0.054874, -0.075706, -0.098888, 0.140800, -0.092566, 0.149670, 0.358806, 0.117857, -0.039228, 0.501311, 0.131761, 0.154889, 0.381490, 0.129842, -0.027448, 0.525488, 0.154860, 0.172040, 0.361968, -0.035343, -0.022228, 0.549155, -0.005575, 0.000000, 0.000000, 0.000000, 0.000000, 0.000000, 0.000000, 0.000000, 0.000000, 0.000000, 0.000000, 0.000000, 0.000000, 0.000000, 0.000000, 0.000000, 0.000000, 0.000000, 0.000000, 0.000000, 0.000000, 0.000000, 0.000000, 0.000000, 0.000000, 0.000000, 0.000000, 0.000000, 0.000000, 0.000000, 0.000000, 0.000000, 0.000000, 0.000000, 0.000000, 0.000000, 0.000000, 0.000000, 0.000000, 0.000000, 0.000000, 0.000000, 0.000000, 0.000000, 0.000000, 0.000000, 0.000000, 0.000000, 0.000000, 0.000000, 0.000000, 0.000000, 0.000000, 0.000000, 0.000000, 0.000000, 0.000000, 0.000000, 0.000000, 0.000000, 0.000000, 0.000000, 0.000000, 0.000000, -0.124572, -0.168701, -0.293578, -0.095492, -0.188028, -0.291116, -0.071220, -0.200346, -0.287505, -0.047315, -0.216915, -0.282135, -0.026366, -0.235846, -0.276320, -0.046130, -0.176038, -0.291326, -0.042959, -0.179684, -0.282555, -0.049268, -0.183502, -0.264480, -0.060205, -0.186801, -0.260358, -0.049492, -0.159362, -0.292567, -0.042922, -0.165255, -0.277937, -0.055633, -0.171929, -0.263765, -0.059854, -0.168460, -0.259971, -0.054872, -0.146543, -0.295743, -0.055537, -0.152647, -0.276212, -0.064372, -0.159947, -0.261917, -0.070052, -0.156636, -0.257706, -0.069824, -0.139894, -0.291685, -0.065181, -0.143575, -0.278910, -0.071470, -0.149947, -0.264826, -0.078091, -0.149608, -0.263833]
Frame 024: [-0.016401, -0.606084, -0.255479, -0.001978, -0.644085, -0.246022, -0.002496, -0.643801, -0.247656, -0.002120, -0.643805, -0.245562, -0.037510, -0.643842, -0.247161, -0.035448, -0.644584, -0.247835, -0.036142, -0.643551, -0.243783, 0.066313, -0.637401, -0.149443, -0.081358, -0.633289, -0.137656, 0.005724, -0.579822, -0.225922, -0.037317, -0.577273, -0.221396, 0.160678, -0.461700, -0.087183, -0.162842, -0.456190, -0.078067, 0.219418, -0.207519, -0.058774, -0.272238, -0.233187, -0.115834, 0.226380, -0.030151, -0.161311, -0.124604, -0.167506, -0.287463, 0.226131, 0.026869, -0.194587, -0.084957, -0.132361, -0.335219, 0.208742, 0.014084, -0.234926, -0.043281, -0.173522, -0.339644, 0.213121, -0.024087, -0.180558, -0.093503, -0.174305, -0.293718, 0.105165, -0.012729, -0.003527, -0.104491, 0.009376, 0.003934, 0.111579, 0.055377, -0.073512, -0.098459, 0.142137, -0.092899, 0.149784, 0.359328, 0.118150, -0.038724, 0.502805, 0.127347, 0.155045, 0.382233, 0.130102, -0.026852, 0.527029, 0.150154, 0.173221, 0.362223, -0.033641, -0.019964, 0.550031, -0.007813, 0.000000, 0.000000, 0.000000, 0.000000, 0.000000, 0.000000, 0.000000, 0.000000, 0.000000, 0.000000, 0.000000, 0.000000, 0.000000, 0.000000, 0.000000, 0.000000, 0.000000, 0.000000, 0.000000, 0.000000, 0.000000, 0.000000, 0.000000, 0.000000, 0.000000, 0.000000, 0.000000, 0.000000, 0.000000, 0.000000, 0.000000, 0.000000, 0.000000, 0.000000, 0.000000, 0.000000, 0.000000, 0.000000, 0.000000, 0.000000, 0.000000, 0.000000, 0.000000, 0.000000, 0.000000, 0.000000, 0.000000, 0.000000, 0.000000, 0.000000, 0.000000, 0.000000, 0.000000, 0.000000, 0.000000, 0.000000, 0.000000, 0.000000, 0.000000, 0.000000, 0.000000, 0.000000, 0.000000, -0.124604, -0.167506, -0.287463, -0.100000, -0.187417, -0.281727, -0.078301, -0.200693, -0.275903, -0.058234, -0.218244, -0.267517, -0.034888, -0.238552, -0.257438, -0.054630, -0.174614, -0.270838, -0.054364, -0.181508, -0.258359, -0.060723, -0.183965, -0.243540, -0.071557, -0.181926, -0.244499, -0.056697, -0.158456, -0.270567, -0.053580, -0.166827, -0.254755, -0.065961, -0.172925, -0.244719, -0.068842, -0.165626, -0.246908, -0.060943, -0.145805, -0.273538, -0.065245, -0.154312, -0.254312, -0.072540, -0.161025, -0.245315, -0.075582, -0.155192, -0.245144, -0.075212, -0.140335, -0.270962, -0.074172, -0.146300, -0.257437, -0.081630, -0.152047, -0.245930, -0.085321, -0.149091, -0.248143]
Frame 025: [-0.013154, -0.606551, -0.255391, 0.000946, -0.644495, -0.245913, 0.000426, -0.644215, -0.247560, 0.000813, -0.644223, -0.245468, -0.034257, -0.644212, -0.247178, -0.032195, -0.644958, -0.247849, -0.032884, -0.643923, -0.243796, 0.066443, -0.637576, -0.149257, -0.080432, -0.633341, -0.138736, 0.007576, -0.580234, -0.225785, -0.035084, -0.577635, -0.221420, 0.159728, -0.461923, -0.086220, -0.162852, -0.456176, -0.079824, 0.218504, -0.208925, -0.057198, -0.273579, -0.233058, -0.114890, 0.223129, -0.035236, -0.160808, -0.124192, -0.165980, -0.282374, 0.221794, 0.020282, -0.194266, -0.083536, -0.130469, -0.329839, 0.204428, 0.006908, -0.233879, -0.041375, -0.172526, -0.333873, 0.209769, -0.029663, -0.179825, -0.092786, -0.173071, -0.288364, 0.105069, -0.012740, -0.003163, -0.104382, 0.009386, 0.003586, 0.111834, 0.055485, -0.072343, -0.098174, 0.142149, -0.093432, 0.149932, 0.359471, 0.119321, -0.038284, 0.503407, 0.124324, 0.155233, 0.382419, 0.131387, -0.026317, 0.527617, 0.147154, 0.174230, 0.361561, -0.031099, -0.018138, 0.550065, -0.009724, 0.000000, 0.000000, 0.000000, 0.000000, 0.000000, 0.000000, 0.000000, 0.000000, 0.000000, 0.000000, 0.000000, 0.000000, 0.000000, 0.000000, 0.000000, 0.000000, 0.000000, 0.000000, 0.000000, 0.000000, 0.000000, 0.000000, 0.000000, 0.000000, 0.000000, 0.000000, 0.000000, 0.000000, 0.000000, 0.000000, 0.000000, 0.000000, 0.000000, 0.000000, 0.000000, 0.000000, 0.000000, 0.000000, 0.000000, 0.000000, 0.000000, 0.000000, 0.000000, 0.000000, 0.000000, 0.000000, 0.000000, 0.000000, 0.000000, 0.000000, 0.000000, 0.000000, 0.000000, 0.000000, 0.000000, 0.000000, 0.000000, 0.000000, 0.000000, 0.000000, 0.000000, 0.000000, 0.000000, -0.124192, -0.165980, -0.282374, -0.099989, -0.188269, -0.276272, -0.077475, -0.200062, -0.273152, -0.053250, -0.218403, -0.267808, -0.030348, -0.237262, -0.261901, -0.050891, -0.175090, -0.267982, -0.045812, -0.179186, -0.253782, -0.051864, -0.183394, -0.238983, -0.065291, -0.181303, -0.240098, -0.052669, -0.157317, -0.266561, -0.046538, -0.164723, -0.250100, -0.059518, -0.171674, -0.235958, -0.062103, -0.163606, -0.237658, -0.057291, -0.143287, -0.268988, -0.059615, -0.151078, -0.248823, -0.067145, -0.159572, -0.236011, -0.072267, -0.152360, -0.233799, -0.072203, -0.136349, -0.265138, -0.068922, -0.142337, -0.250262, -0.076248, -0.148705, -0.239338, -0.081211, -0.145971, -0.238734]
Frame 026: [-0.009613, -0.606653, -0.255028, 0.003936, -0.644592, -0.245476, 0.003416, -0.644314, -0.247140, 0.003807, -0.644326, -0.245048, -0.030967, -0.644278, -0.247131, -0.028901, -0.645026, -0.247795, -0.029592, -0.643992, -0.243741, 0.066569, -0.637761, -0.148441, -0.079478, -0.633363, -0.139603, 0.009874, -0.580398, -0.225239, -0.032418, -0.577751, -0.221390, 0.158874, -0.462436, -0.083989, -0.162649, -0.456226, -0.081297, 0.217357, -0.209913, -0.053439, -0.273576, -0.233100, -0.114936, 0.221799, -0.035730, -0.156305, -0.123377, -0.165547, -0.282292, 0.220367, 0.019855, -0.189768, -0.082337, -0.129956, -0.330600, 0.203449, 0.006306, -0.228517, -0.039690, -0.172473, -0.334047, 0.208637, -0.030240, -0.175034, -0.091732, -0.172845, -0.288111, 0.104859, -0.012742, -0.002624, -0.104181, 0.009389, 0.003036, 0.112608, 0.058703, -0.070803, -0.097290, 0.143074, -0.093515, 0.149913, 0.363857, 0.119825, -0.036927, 0.505454, 0.120671, 0.155221, 0.387391, 0.131767, -0.024715, 0.529982, 0.142662, 0.174990, 0.367007, -0.028074, -0.014336, 0.552249, -0.012834, 0.000000, 0.000000, 0.000000, 0.000000, 0.000000, 0.000000, 0.000000, 0.000000, 0.000000, 0.000000, 0.000000, 0.000000, 0.000000, 0.000000, 0.000000, 0.000000, 0.000000, 0.000000, 0.000000, 0.000000, 0.000000, 0.000000, 0.000000, 0.000000, 0.000000, 0.000000, 0.000000, 0.000000, 0.000000, 0.000000, 0.000000, 0.000000, 0.000000, 0.000000, 0.000000, 0.000000, 0.000000, 0.000000, 0.000000, 0.000000, 0.000000, 0.000000, 0.000000, 0.000000, 0.000000, 0.000000, 0.000000, 0.000000, 0.000000, 0.000000, 0.000000, 0.000000, 0.000000, 0.000000, 0.000000, 0.000000, 0.000000, 0.000000, 0.000000, 0.000000, 0.000000, 0.000000, 0.000000, -0.123377, -0.165547, -0.282292, -0.101812, -0.186768, -0.273845, -0.082370, -0.198249, -0.270197, -0.063699, -0.215719, -0.261119, -0.041287, -0.237041, -0.252596, -0.061785, -0.172898, -0.263218, -0.059952, -0.180041, -0.247216, -0.065768, -0.183785, -0.232992, -0.078984, -0.181465, -0.236118, -0.063192, -0.159313, -0.261953, -0.060568, -0.168109, -0.246335, -0.072961, -0.174986, -0.232423, -0.073827, -0.165932, -0.237122, -0.064962, -0.148840, -0.266417, -0.071879, -0.156661, -0.246010, -0.078686, -0.164298, -0.234620, -0.082845, -0.157046, -0.233296, -0.078971, -0.144535, -0.264820, -0.078511, -0.149411, -0.250006, -0.085540, -0.153671, -0.240010, -0.089767, -0.150820, -0.238769]
Frame 027: [-0.006497, -0.606641, -0.254775, 0.006613, -0.644585, -0.245089, 0.006095, -0.644307, -0.246756, 0.006480, -0.644319, -0.244664, -0.028147, -0.644266, -0.247113, -0.026076, -0.645013, -0.247777, -0.026772, -0.643979, -0.243722, 0.066691, -0.637844, -0.147394, -0.078805, -0.633361, -0.140585, 0.012002, -0.580407, -0.224740, -0.030134, -0.577750, -0.221388, 0.158245, -0.462873, -0.081700, -0.162453, -0.456315, -0.083442, 0.217120, -0.210201, -0.050183, -0.273702, -0.233640, -0.117670, 0.222139, -0.035381, -0.152010, -0.123366, -0.166619, -0.282842, 0.220877, 0.020385, -0.185090, -0.082334, -0.131218, -0.331803, 0.204433, 0.006690, -0.224481, -0.039593, -0.174689, -0.334947, 0.209158, -0.029922, -0.170952, -0.091694, -0.174353, -0.288880, 0.104667, -0.012741, -0.001884, -0.104005, 0.009396, 0.002241, 0.113363, 0.061025, -0.068729, -0.096643, 0.143452, -0.093383, 0.149833, 0.368035, 0.123697, -0.036320, 0.506795, 0.120950, 0.155169, 0.391857, 0.135491, -0.023970, 0.531734, 0.142992, 0.175678, 0.372521, -0.020594, -0.011565, 0.553892, -0.012638, 0.000000, 0.000000, 0.000000, 0.000000, 0.000000, 0.000000, 0.000000, 0.000000, 0.000000, 0.000000, 0.000000, 0.000000, 0.000000, 0.000000, 0.000000, 0.000000, 0.000000, 0.000000, 0.000000, 0.000000, 0.000000, 0.000000, 0.000000, 0.000000, 0.000000, 0.000000, 0.000000, 0.000000, 0.000000, 0.000000, 0.000000, 0.000000, 0.000000, 0.000000, 0.000000, 0.000000, 0.000000, 0.000000, 0.000000, 0.000000, 0.000000, 0.000000, 0.000000, 0.000000, 0.000000, 0.000000, 0.000000, 0.000000, 0.000000, 0.000000, 0.000000, 0.000000, 0.000000, 0.000000, 0.000000, 0.000000, 0.000000, 0.000000, 0.000000, 0.000000, 0.000000, 0.000000, 0.000000, -0.123366, -0.166619, -0.282842, -0.101303, -0.188795, -0.278408, -0.080160, -0.200567, -0.278575, -0.060768, -0.217452, -0.274980, -0.038208, -0.236440, -0.273999, -0.057114, -0.174589, -0.273393, -0.050782, -0.178286, -0.258488, -0.055093, -0.183031, -0.243709, -0.069723, -0.183127, -0.243884, -0.059734, -0.158861, -0.270260, -0.053152, -0.165882, -0.254436, -0.065203, -0.172889, -0.239415, -0.067602, -0.165029, -0.240447, -0.061139, -0.146955, -0.271827, -0.064968, -0.153238, -0.250769, -0.071174, -0.161817, -0.240124, -0.077201, -0.155373, -0.235673, -0.074739, -0.141431, -0.268044, -0.073931, -0.145241, -0.252436, -0.079810, -0.150516, -0.240934, -0.085332, -0.148192, -0.239758]
Frame 028: [-0.003939, -0.606718, -0.252577, 0.008912, -0.644680, -0.242563, 0.008391, -0.644402, -0.244233, 0.008769, -0.644416, -0.242133, -0.025700, -0.644341, -0.245497, -0.023627, -0.645087, -0.246175, -0.024330, -0.644053, -0.242109, 0.067067, -0.638046, -0.144192, -0.077656, -0.633430, -0.140450, 0.014040, -0.580513, -0.222250, -0.027941, -0.577835, -0.220066, 0.158134, -0.463256, -0.078423, -0.161751, -0.456500, -0.083465, 0.217052, -0.210543, -0.047309, -0.273574, -0.234668, -0.119128, 0.223069, -0.035268, -0.148873, -0.122986, -0.169731, -0.286084, 0.222180, 0.020590, -0.181872, -0.081992, -0.134834, -0.336913, 0.206523, 0.006831, -0.221407, -0.038925, -0.179518, -0.338168, 0.210455, -0.029824, -0.167874, -0.091218, -0.178087, -0.291503, 0.104574, -0.012737, -0.001501, -0.103920, 0.009403, 0.001820, 0.114756, 0.061420, -0.068346, -0.096276, 0.143284, -0.093372, 0.149872, 0.368355, 0.125544, -0.035158, 0.506915, 0.121141, 0.155221, 0.392148, 0.137268, -0.022494, 0.531965, 0.143165, 0.176347, 0.373258, -0.017293, -0.008596, 0.554359, -0.012616, 0.000000, 0.000000, 0.000000, 0.000000, 0.000000, 0.000000, 0.000000, 0.000000, 0.000000, 0.000000, 0.000000, 0.000000, 0.000000, 0.000000, 0.000000, 0.000000, 0.000000, 0.000000, 0.000000, 0.000000, 0.000000, 0.000000, 0.000000, 0.000000, 0.000000, 0.000000, 0.000000, 0.000000, 0.000000, 0.000000, 0.000000, 0.000000, 0.000000, 0.000000, 0.000000, 0.000000, 0.000000, 0.000000, 0.000000, 0.000000, 0.000000, 0.000000, 0.000000, 0.000000, 0.000000, 0.000000, 0.000000, 0.000000, 0.000000, 0.000000, 0.000000, 0.000000, 0.000000, 0.000000, 0.000000, 0.000000, 0.000000, 0.000000, 0.000000, 0.000000, 0.000000, 0.000000, 0.000000, -0.122986, -0.169731, -0.286084, -0.099667, -0.189596, -0.283151, -0.079508, -0.203910, -0.283958, -0.060501, -0.220945, -0.279729, -0.037579, -0.243016, -0.279331, -0.055481, -0.177371, -0.278965, -0.049788, -0.179688, -0.264772, -0.054974, -0.182801, -0.251186, -0.069176, -0.183578, -0.249570, -0.058613, -0.161481, -0.275348, -0.052973, -0.167565, -0.260753, -0.067246, -0.175678, -0.248110, -0.068327, -0.167703, -0.246752, -0.059651, -0.148040, -0.277045, -0.064866, -0.155936, -0.257060, -0.072505, -0.163273, -0.247142, -0.078054, -0.157494, -0.243698, -0.073214, -0.143740, -0.273612, -0.074317, -0.146724, -0.258850, -0.080571, -0.152038, -0.247002, -0.087818, -0.150227, -0.244840]
Frame 029: [-0.001825, -0.606850, -0.252325, 0.011071, -0.644796, -0.242191, 0.010545, -0.644518, -0.243869, 0.010927, -0.644533, -0.241768, -0.023567, -0.644459, -0.245327, -0.021497, -0.645205, -0.246002, -0.022201, -0.644172, -0.241933, 0.068295, -0.638070, -0.143541, -0.076036, -0.633447, -0.140488, 0.016041, -0.580599, -0.221930, -0.025969, -0.577928, -0.219979, 0.158317, -0.463259, -0.077907, -0.160811, -0.456534, -0.083691, 0.217336, -0.210539, -0.046850, -0.273121, -0.234853, -0.120845, 0.224643, -0.035059, -0.148948, -0.122240, -0.171465, -0.292582, 0.224018, 0.020796, -0.181988, -0.081323, -0.137042, -0.344933, 0.208654, 0.006997, -0.221649, -0.037973, -0.182130, -0.345512, 0.212207, -0.029615, -0.167996, -0.090392, -0.180038, -0.297879, 0.104535, -0.012719, -0.001305, -0.103875, 0.009402, 0.001616, 0.115333, 0.061711, -0.068497, -0.096229, 0.142440, -0.093799, 0.149850, 0.368424, 0.125891, -0.034662, 0.506924, 0.121025, 0.155195, 0.392203, 0.137668, -0.021854, 0.531988, 0.143035, 0.176339, 0.373212, -0.017146, -0.007358, 0.554354, -0.012963, 0.000000, 0.000000, 0.000000, 0.000000, 0.000000, 0.000000, 0.000000, 0.000000, 0.000000, 0.000000, 0.000000, 0.000000, 0.000000, 0.000000, 0.000000, 0.000000, 0.000000, 0.000000, 0.000000, 0.000000, 0.000000, 0.000000, 0.000000, 0.000000, 0.000000, 0.000000, 0.000000, 0.000000, 0.000000, 0.000000, 0.000000, 0.000000, 0.000000, 0.000000, 0.000000, 0.000000, 0.000000, 0.000000, 0.000000, 0.000000, 0.000000, 0.000000, 0.000000, 0.000000, 0.000000, 0.000000, 0.000000, 0.000000, 0.000000, 0.000000, 0.000000, 0.000000, 0.000000, 0.000000, 0.000000, 0.000000, 0.000000, 0.000000, 0.000000, 0.000000, 0.000000, 0.000000, 0.000000, -0.122240, -0.171465, -0.292582, -0.092918, -0.194373, -0.296300, -0.070545, -0.206886, -0.301541, -0.046182, -0.224162, -0.308272, -0.024597, -0.241454, -0.313556, -0.043428, -0.179695, -0.309384, -0.028064, -0.182172, -0.297285, -0.030508, -0.187440, -0.276378, -0.045327, -0.188180, -0.270672, -0.045968, -0.160378, -0.304897, -0.032587, -0.165632, -0.289510, -0.043434, -0.174538, -0.270108, -0.047114, -0.167559, -0.262433, -0.048305, -0.143752, -0.302645, -0.044108, -0.150811, -0.280197, -0.049320, -0.158986, -0.265325, -0.056189, -0.154081, -0.256339, -0.061900, -0.136425, -0.292776, -0.054982, -0.142885, -0.277433, -0.059951, -0.148454, -0.261582, -0.066858, -0.145434, -0.259569]
Frame 030: [-0.000963, -0.606758, -0.252034, 0.012079, -0.644697, -0.241905, 0.011548, -0.644419, -0.243592, 0.011933, -0.644436, -0.241488, -0.022578, -0.644378, -0.245102, -0.020511, -0.645124, -0.245769, -0.021214, -0.644091, -0.241698, 0.069435, -0.637951, -0.143401, -0.074568, -0.633392, -0.140480, 0.017095, -0.580510, -0.221695, -0.024907, -0.577862, -0.219823, 0.158765, -0.463026, -0.077947, -0.160140, -0.456547, -0.083691, 0.217327, -0.210260, -0.047103, -0.273027, -0.235073, -0.120850, 0.224677, -0.034821, -0.149242, -0.120913, -0.171923, -0.292889, 0.224042, 0.020976, -0.182240, -0.079593, -0.137518, -0.345387, 0.208639, 0.007173, -0.222021, -0.035819, -0.182619, -0.345738, 0.212222, -0.029421, -0.168322, -0.088814, -0.180498, -0.298099, 0.104502, -0.012705, -0.001231, -0.103837, 0.009395, 0.001544, 0.115558, 0.061555, -0.068709, -0.096192, 0.141299, -0.094341, 0.149849, 0.367684, 0.125885, -0.034531, 0.506614, 0.120357, 0.155195, 0.391391, 0.137668, -0.021699, 0.531664, 0.142360, 0.176389, 0.371752, -0.017451, -0.007341, 0.553666, -0.013845, 0.000000, 0.000000, 0.000000, 0.000000, 0.000000, 0.000000, 0.000000, 0.000000, 0.000000, 0.000000, 0.000000, 0.000000, 0.000000, 0.000000, 0.000000, 0.000000, 0.000000, 0.000000, 0.000000, 0.000000, 0.000000, 0.000000, 0.000000, 0.000000, 0.000000, 0.000000, 0.000000, 0.000000, 0.000000, 0.000000, 0.000000, 0.000000, 0.000000, 0.000000, 0.000000, 0.000000, 0.000000, 0.000000, 0.000000, 0.000000, 0.000000, 0.000000, 0.000000, 0.000000, 0.000000, 0.000000, 0.000000, 0.000000, 0.000000, 0.000000, 0.000000, 0.000000, 0.000000, 0.000000, 0.000000, 0.000000, 0.000000, 0.000000, 0.000000, 0.000000, 0.000000, 0.000000, 0.000000, -0.120913, -0.171923, -0.292889, -0.092816, -0.192871, -0.294915, -0.070815, -0.205144, -0.298858, -0.049054, -0.221635, -0.304396, -0.027919, -0.240218, -0.307744, -0.046296, -0.179200, -0.300544, -0.033719, -0.179829, -0.289003, -0.032126, -0.185724, -0.272057, -0.042892, -0.189600, -0.270409, -0.049602, -0.161637, -0.297465, -0.038329, -0.165614, -0.282166, -0.048362, -0.174256, -0.266110, -0.051586, -0.169925, -0.260357, -0.051680, -0.147059, -0.296754, -0.048611, -0.152038, -0.275565, -0.054788, -0.160047, -0.262713, -0.062261, -0.157698, -0.256589, -0.064957, -0.139853, -0.290076, -0.059238, -0.143688, -0.274866, -0.063742, -0.148679, -0.259278, -0.070873, -0.148283, -0.257065]
Frame 031: [-0.001058, -0.606891, -0.251314, 0.012039, -0.644823, -0.241188, 0.011510, -0.644547, -0.242884, 0.011894, -0.644564, -0.240786, -0.022631, -0.644493, -0.244458, -0.020564, -0.645241, -0.245111, -0.021266, -0.644208, -0.241040, 0.069575, -0.638001, -0.143001, -0.074266, -0.633408, -0.140228, 0.017155, -0.580620, -0.221098, -0.024838, -0.577960, -0.219296, 0.158790, -0.463002, -0.077683, -0.160015, -0.456562, -0.083650, 0.217088, -0.210161, -0.046779, -0.273093, -0.235535, -0.120334, 0.224356, -0.034298, -0.149092, -0.119729, -0.172375, -0.292059, 0.223654, 0.021661, -0.182163, -0.077512, -0.137905, -0.343601, 0.208010, 0.008010, -0.221829, -0.033557, -0.182890, -0.344582, 0.211817, -0.028819, -0.168137, -0.087378, -0.180910, -0.297358, 0.104439, -0.012701, -0.001108, -0.103776, 0.009393, 0.001425, 0.115562, 0.061651, -0.068768, -0.095980, 0.141466, -0.094805, 0.149772, 0.367653, 0.125853, -0.034556, 0.506916, 0.118811, 0.155128, 0.391366, 0.137653, -0.021761, 0.532012, 0.140747, 0.176422, 0.371702, -0.017658, -0.007440, 0.553812, -0.015098, 0.000000, 0.000000, 0.000000, 0.000000, 0.000000, 0.000000, 0.000000, 0.000000, 0.000000, 0.000000, 0.000000, 0.000000, 0.000000, 0.000000, 0.000000, 0.000000, 0.000000, 0.000000, 0.000000, 0.000000, 0.000000, 0.000000, 0.000000, 0.000000, 0.000000, 0.000000, 0.000000, 0.000000, 0.000000, 0.000000, 0.000000, 0.000000, 0.000000, 0.000000, 0.000000, 0.000000, 0.000000, 0.000000, 0.000000, 0.000000, 0.000000, 0.000000, 0.000000, 0.000000, 0.000000, 0.000000, 0.000000, 0.000000, 0.000000, 0.000000, 0.000000, 0.000000, 0.000000, 0.000000, 0.000000, 0.000000, 0.000000, 0.000000, 0.000000, 0.000000, 0.000000, 0.000000, 0.000000, -0.119729, -0.172375, -0.292059, -0.088624, -0.191627, -0.290311, -0.064115, -0.205689, -0.289494, -0.038665, -0.224119, -0.288679, -0.017041, -0.242502, -0.286113, -0.040608, -0.179347, -0.296931, -0.030486, -0.180330, -0.288541, -0.036553, -0.185821, -0.268885, -0.053543, -0.188608, -0.265419, -0.044592, -0.161006, -0.298651, -0.033587, -0.165229, -0.287077, -0.046160, -0.174354, -0.269762, -0.052443, -0.170374, -0.265388, -0.049506, -0.146494, -0.302335, -0.047290, -0.152003, -0.284383, -0.055017, -0.161137, -0.267995, -0.061628, -0.157491, -0.261030, -0.064166, -0.138841, -0.299689, -0.056630, -0.142721, -0.285506, -0.062687, -0.150263, -0.270316, -0.069625, -0.150696, -0.268877]
Frame 032: [-0.000827, -0.606879, -0.251353, 0.012288, -0.644812, -0.241249, 0.011759, -0.644536, -0.242948, 0.012147, -0.644553, -0.240851, -0.022355, -0.644473, -0.244531, -0.020288, -0.645222, -0.245178, -0.020987, -0.644189, -0.241107, 0.070022, -0.637983, -0.143191, -0.073537, -0.633286, -0.140501, 0.017526, -0.580610, -0.221177, -0.024417, -0.577936, -0.219391, 0.159039, -0.462847, -0.077788, -0.159758, -0.456440, -0.084049, 0.217095, -0.209822, -0.046914, -0.273023, -0.235443, -0.120611, 0.222720, -0.034171, -0.149241, -0.117118, -0.173289, -0.292269, 0.221192, 0.021885, -0.182337, -0.073478, -0.139663, -0.343823, 0.204592, 0.008312, -0.222008, -0.029763, -0.184904, -0.345111, 0.209760, -0.028715, -0.168308, -0.084611, -0.182044, -0.297752, 0.104354, -0.012702, -0.000967, -0.103702, 0.009394, 0.001293, 0.115513, 0.061682, -0.068609, -0.095931, 0.142840, -0.094844, 0.149474, 0.366255, 0.126484, -0.035300, 0.507155, 0.118273, 0.154825, 0.389818, 0.138500, -0.022704, 0.532238, 0.140166, 0.176343, 0.369880, -0.016105, -0.008394, 0.553978, -0.015262, 0.000000, 0.000000, 0.000000, 0.000000, 0.000000, 0.000000, 0.000000, 0.000000, 0.000000, 0.000000, 0.000000, 0.000000, 0.000000, 0.000000, 0.000000, 0.000000, 0.000000, 0.000000, 0.000000, 0.000000, 0.000000, 0.000000, 0.000000, 0.000000, 0.000000, 0.000000, 0.000000, 0.000000, 0.000000, 0.000000, 0.000000, 0.000000, 0.000000, 0.000000, 0.000000, 0.000000, 0.000000, 0.000000, 0.000000, 0.000000, 0.000000, 0.000000, 0.000000, 0.000000, 0.000000, 0.000000, 0.000000, 0.000000, 0.000000, 0.000000, 0.000000, 0.000000, 0.000000, 0.000000, 0.000000, 0.000000, 0.000000, 0.000000, 0.000000, 0.000000, 0.000000, 0.000000, 0.000000, -0.117118, -0.173289, -0.292269, -0.087243, -0.194580, -0.289067, -0.060769, -0.208588, -0.284944, -0.033683, -0.225679, -0.277369, -0.009454, -0.242778, -0.271321, -0.034169, -0.180820, -0.286531, -0.027069, -0.181109, -0.277106, -0.033684, -0.186598, -0.258912, -0.049856, -0.189600, -0.255568, -0.038378, -0.158597, -0.287547, -0.029209, -0.163747, -0.274116, -0.042843, -0.172137, -0.257800, -0.049132, -0.169893, -0.252917, -0.045303, -0.141528, -0.291350, -0.043577, -0.147696, -0.271593, -0.052792, -0.158058, -0.255823, -0.059473, -0.155735, -0.249824, -0.061855, -0.132942, -0.288584, -0.054638, -0.137906, -0.274235, -0.060973, -0.147083, -0.260046, -0.067995, -0.148140, -0.257797]
Frame 033: [-0.000921, -0.607223, -0.251270, 0.012228, -0.645124, -0.241194, 0.011699, -0.644852, -0.242900, 0.012088, -0.644873, -0.240805, -0.022415, -0.644747, -0.244430, -0.020349, -0.645504, -0.245066, -0.021047, -0.644473, -0.240995, 0.070262, -0.638072, -0.143236, -0.073072, -0.633297, -0.140441, 0.017532, -0.580882, -0.221170, -0.024393, -0.578159, -0.219345, 0.159357, -0.462763, -0.078000, -0.159592, -0.456368, -0.083977, 0.217334, -0.209789, -0.047559, -0.273090, -0.235193, -0.120419, 0.221807, -0.034130, -0.150914, -0.116579, -0.173269, -0.292442, 0.219792, 0.021751, -0.184687, -0.072670, -0.139691, -0.343790, 0.202640, 0.008081, -0.223485, -0.029042, -0.184918, -0.345061, 0.208616, -0.028690, -0.169796, -0.084058, -0.182004, -0.297876, 0.104288, -0.012703, -0.000957, -0.103649, 0.009386, 0.001287, 0.115265, 0.062012, -0.068346, -0.095914, 0.146269, -0.094775, 0.149062, 0.365118, 0.126479, -0.035808, 0.507749, 0.117192, 0.154336, 0.388632, 0.138508, -0.023385, 0.532712, 0.138875, 0.175700, 0.368641, -0.016060, -0.010318, 0.554778, -0.015683, 0.000000, 0.000000, 0.000000, 0.000000, 0.000000, 0.000000, 0.000000, 0.000000, 0.000000, 0.000000, 0.000000, 0.000000, 0.000000, 0.000000, 0.000000, 0.000000, 0.000000, 0.000000, 0.000000, 0.000000, 0.000000, 0.000000, 0.000000, 0.000000, 0.000000, 0.000000, 0.000000, 0.000000, 0.000000, 0.000000, 0.000000, 0.000000, 0.000000, 0.000000, 0.000000, 0.000000, 0.000000, 0.000000, 0.000000, 0.000000, 0.000000, 0.000000, 0.000000, 0.000000, 0.000000, 0.000000, 0.000000, 0.000000, 0.000000, 0.000000, 0.000000, 0.000000, 0.000000, 0.000000, 0.000000, 0.000000, 0.000000, 0.000000, 0.000000, 0.000000, 0.000000, 0.000000, 0.000000, -0.116579, -0.173269, -0.292442, -0.088761, -0.193485, -0.285243, -0.065084, -0.206328, -0.282438, -0.041808, -0.222664, -0.277547, -0.019385, -0.241317, -0.271225, -0.042010, -0.178550, -0.282296, -0.036618, -0.183042, -0.267396, -0.042256, -0.188120, -0.249298, -0.056717, -0.187264, -0.249757, -0.045930, -0.161436, -0.281529, -0.038316, -0.168363, -0.264896, -0.050079, -0.177259, -0.247330, -0.053504, -0.170595, -0.248490, -0.049779, -0.147891, -0.284748, -0.051372, -0.154923, -0.261430, -0.057583, -0.164016, -0.246010, -0.062466, -0.159075, -0.243358, -0.064979, -0.142391, -0.282107, -0.059541, -0.146815, -0.265240, -0.066161, -0.153135, -0.249664, -0.070933, -0.152700, -0.249278]
Frame 034: [-0.000995, -0.607199, -0.251430, 0.012186, -0.645093, -0.241338, 0.011657, -0.644821, -0.243049, 0.012047, -0.644843, -0.240956, -0.022479, -0.644723, -0.244576, -0.020413, -0.645479, -0.245204, -0.021111, -0.644448, -0.241133, 0.070391, -0.637966, -0.143330, -0.073062, -0.633220, -0.140524, 0.017531, -0.580848, -0.221304, -0.024420, -0.578133, -0.219473, 0.159469, -0.462607, -0.078060, -0.159567, -0.456338, -0.084143, 0.217754, -0.209688, -0.047416, -0.273051, -0.235174, -0.120349, 0.222814, -0.033755, -0.150949, -0.116743, -0.173178, -0.292652, 0.221012, 0.022277, -0.184633, -0.073112, -0.139535, -0.343979, 0.203657, 0.008719, -0.223578, -0.029537, -0.184642, -0.345285, 0.209515, -0.028231, -0.169858, -0.084260, -0.181857, -0.298084, 0.104265, -0.012689, -0.000831, -0.103616, 0.009379, 0.001169, 0.115298, 0.062108, -0.069489, -0.095644, 0.145711, -0.096474, 0.148968, 0.366431, 0.125354, -0.035811, 0.508315, 0.114132, 0.154246, 0.390223, 0.137442, -0.023399, 0.533353, 0.135918, 0.175723, 0.369588, -0.017996, -0.010287, 0.554793, -0.019310, 0.000000, 0.000000, 0.000000, 0.000000, 0.000000, 0.000000, 0.000000, 0.000000, 0.000000, 0.000000, 0.000000, 0.000000, 0.000000, 0.000000, 0.000000, 0.000000, 0.000000, 0.000000, 0.000000, 0.000000, 0.000000, 0.000000, 0.000000, 0.000000, 0.000000, 0.000000, 0.000000, 0.000000, 0.000000, 0.000000, 0.000000, 0.000000, 0.000000, 0.000000, 0.000000, 0.000000, 0.000000, 0.000000, 0.000000, 0.000000, 0.000000, 0.000000, 0.000000, 0.000000, 0.000000, 0.000000, 0.000000, 0.000000, 0.000000, 0.000000, 0.000000, 0.000000, 0.000000, 0.000000, 0.000000, 0.000000, 0.000000, 0.000000, 0.000000, 0.000000, 0.000000, 0.000000, 0.000000, -0.116743, -0.173178, -0.292652, -0.091752, -0.194747, -0.286723, -0.070572, -0.206544, -0.286293, -0.050216, -0.223652, -0.283674, -0.027500, -0.241056, -0.280652, -0.049029, -0.181253, -0.281972, -0.041725, -0.185208, -0.266411, -0.045961, -0.189783, -0.250151, -0.062251, -0.188012, -0.251898, -0.051008, -0.165279, -0.279462, -0.044895, -0.172242, -0.262768, -0.056255, -0.179691, -0.247803, -0.058650, -0.171335, -0.251560, -0.053635, -0.152634, -0.282016, -0.056733, -0.160486, -0.259420, -0.063438, -0.167424, -0.247017, -0.069435, -0.161822, -0.246156, -0.066815, -0.147230, -0.278152, -0.064318, -0.151918, -0.262147, -0.071469, -0.156807, -0.250538, -0.076671, -0.154981, -0.251028]
Frame 035: [-0.000874, -0.607270, -0.251311, 0.012336, -0.645162, -0.241162, 0.011806, -0.644889, -0.242873, 0.012195, -0.644910, -0.240778, -0.022365, -0.644789, -0.244457, -0.020300, -0.645544, -0.245086, -0.020998, -0.644512, -0.241014, 0.070501, -0.637986, -0.143020, -0.073024, -0.633226, -0.140465, 0.017681, -0.580897, -0.221145, -0.024318, -0.578183, -0.219379, 0.159513, -0.462633, -0.077771, -0.159425, -0.456350, -0.084126, 0.218155, -0.209765, -0.046719, -0.272791, -0.235373, -0.120434, 0.224851, -0.033542, -0.149975, -0.116911, -0.173529, -0.294005, 0.223620, 0.022767, -0.183459, -0.073730, -0.139756, -0.345631, 0.206723, 0.009351, -0.222732, -0.030108, -0.184793, -0.347099, 0.211748, -0.027931, -0.168955, -0.084476, -0.182163, -0.299578, 0.104253, -0.012678, -0.000799, -0.103602, 0.009377, 0.001134, 0.115537, 0.061826, -0.069825, -0.095651, 0.142943, -0.096637, 0.148962, 0.366427, 0.125402, -0.035661, 0.507980, 0.114757, 0.154239, 0.390210, 0.137488, -0.023177, 0.533036, 0.136703, 0.175743, 0.369511, -0.018132, -0.009858, 0.554287, -0.019166, 0.000000, 0.000000, 0.000000, 0.000000, 0.000000, 0.000000, 0.000000, 0.000000, 0.000000, 0.000000, 0.000000, 0.000000, 0.000000, 0.000000, 0.000000, 0.000000, 0.000000, 0.000000, 0.000000, 0.000000, 0.000000, 0.000000, 0.000000, 0.000000, 0.000000, 0.000000, 0.000000, 0.000000, 0.000000, 0.000000, 0.000000, 0.000000, 0.000000, 0.000000, 0.000000, 0.000000, 0.000000, 0.000000, 0.000000, 0.000000, 0.000000, 0.000000, 0.000000, 0.000000, 0.000000, 0.000000, 0.000000, 0.000000, 0.000000, 0.000000, 0.000000, 0.000000, 0.000000, 0.000000, 0.000000, 0.000000, 0.000000, 0.000000, 0.000000, 0.000000, 0.000000, 0.000000, 0.000000, -0.116911, -0.173529, -0.294005, -0.092195, -0.194449, -0.286923, -0.071145, -0.205509, -0.285381, -0.052304, -0.221226, -0.281847, -0.029962, -0.240521, -0.278426, -0.049246, -0.178715, -0.278414, -0.042033, -0.181382, -0.262087, -0.045481, -0.185868, -0.246521, -0.058683, -0.185535, -0.246449, -0.052825, -0.162846, -0.276081, -0.044360, -0.167508, -0.257719, -0.055471, -0.175372, -0.243897, -0.058260, -0.168279, -0.247194, -0.054864, -0.150447, -0.278547, -0.056119, -0.155684, -0.254870, -0.062376, -0.163488, -0.245151, -0.068524, -0.158040, -0.243340, -0.068247, -0.144454, -0.274855, -0.064649, -0.147314, -0.258498, -0.070015, -0.151957, -0.246612, -0.076962, -0.150927, -0.247722]
Frame 036: [-0.000910, -0.609494, -0.250561, 0.012311, -0.647342, -0.240368, 0.011782, -0.647065, -0.242071, 0.012170, -0.647086, -0.239980, -0.022402, -0.647096, -0.243680, -0.020336, -0.647843, -0.244315, -0.021035, -0.646811, -0.240243, 0.070645, -0.639565, -0.142089, -0.072996, -0.635269, -0.139468, 0.017667, -0.582811, -0.220304, -0.024343, -0.580253, -0.218529, 0.159636, -0.463475, -0.076662, -0.159058, -0.458011, -0.083300, 0.218969, -0.210392, -0.045465, -0.272163, -0.238029, -0.119222, 0.227844, -0.033789, -0.148474, -0.117878, -0.174273, -0.292841, 0.227375, 0.022644, -0.181867, -0.075970, -0.139982, -0.344140, 0.211128, 0.009321, -0.221425, -0.032809, -0.184744, -0.346136, 0.215112, -0.028142, -0.167563, -0.085721, -0.182628, -0.298620, 0.104242, -0.012610, -0.000787, -0.103591, 0.009326, 0.001121, 0.115556, 0.063450, -0.067792, -0.095660, 0.143269, -0.094338, 0.148855, 0.368886, 0.129454, -0.035644, 0.508527, 0.122010, 0.154083, 0.392602, 0.141594, -0.023163, 0.533672, 0.144476, 0.175486, 0.373292, -0.014876, -0.010127, 0.555265, -0.011569, 0.000000, 0.000000, 0.000000, 0.000000, 0.000000, 0.000000, 0.000000, 0.000000, 0.000000, 0.000000, 0.000000, 0.000000, 0.000000, 0.000000, 0.000000, 0.000000, 0.000000, 0.000000, 0.000000, 0.000000, 0.000000, 0.000000, 0.000000, 0.000000, 0.000000, 0.000000, 0.000000, 0.000000, 0.000000, 0.000000, 0.000000, 0.000000, 0.000000, 0.000000, 0.000000, 0.000000, 0.000000, 0.000000, 0.000000, 0.000000, 0.000000, 0.000000, 0.000000, 0.000000, 0.000000, 0.000000, 0.000000, 0.000000, 0.000000, 0.000000, 0.000000, 0.000000, 0.000000, 0.000000, 0.000000, 0.000000, 0.000000, 0.000000, 0.000000, 0.000000, 0.000000, 0.000000, 0.000000, -0.117878, -0.174273, -0.292841, -0.091739, -0.194724, -0.291799, -0.069124, -0.207168, -0.294333, -0.049540, -0.222112, -0.296774, -0.028876, -0.242435, -0.299359, -0.047441, -0.180465, -0.294476, -0.036718, -0.181340, -0.282109, -0.032891, -0.185378, -0.268740, -0.039397, -0.190693, -0.269371, -0.050984, -0.164784, -0.292231, -0.042625, -0.168619, -0.278724, -0.054705, -0.174894, -0.262132, -0.055895, -0.169622, -0.256962, -0.053030, -0.151950, -0.293581, -0.053923, -0.155354, -0.274289, -0.059565, -0.163105, -0.263053, -0.066648, -0.158494, -0.255359, -0.066776, -0.145438, -0.288329, -0.063550, -0.147713, -0.273630, -0.068200, -0.151941, -0.260670, -0.074232, -0.149721, -0.258644]
Frame 037: [-0.000951, -0.610071, -0.250454, 0.012310, -0.647868, -0.240222, 0.011781, -0.647589, -0.241926, 0.012169, -0.647610, -0.239835, -0.022424, -0.647668, -0.243511, -0.020358, -0.648415, -0.244145, -0.021057, -0.647385, -0.240072, 0.070869, -0.639751, -0.141926, -0.072926, -0.635605, -0.139193, 0.017668, -0.583237, -0.220206, -0.024362, -0.580740, -0.218407, 0.159904, -0.463489, -0.076665, -0.158926, -0.458267, -0.083019, 0.219773, -0.210444, -0.045483, -0.271883, -0.238757, -0.119146, 0.229751, -0.033404, -0.148448, -0.118108, -0.174824, -0.293290, 0.229592, 0.023414, -0.181786, -0.076522, -0.140281, -0.344720, 0.213380, 0.010272, -0.221437, -0.033327, -0.184832, -0.346875, 0.217059, -0.027625, -0.167557, -0.085992, -0.183025, -0.299164, 0.104245, -0.012593, -0.000793, -0.103591, 0.009313, 0.001127, 0.115763, 0.063402, -0.067807, -0.095639, 0.142798, -0.094274, 0.149100, 0.368857, 0.129467, -0.035213, 0.508185, 0.122757, 0.154317, 0.392569, 0.141601, -0.022661, 0.533270, 0.145295, 0.175614, 0.373210, -0.014947, -0.009929, 0.554855, -0.011129, 0.000000, 0.000000, 0.000000, 0.000000, 0.000000, 0.000000, 0.000000, 0.000000, 0.000000, 0.000000, 0.000000, 0.000000, 0.000000, 0.000000, 0.000000, 0.000000, 0.000000, 0.000000, 0.000000, 0.000000, 0.000000, 0.000000, 0.000000, 0.000000, 0.000000, 0.000000, 0.000000, 0.000000, 0.000000, 0.000000, 0.000000, 0.000000, 0.000000, 0.000000, 0.000000, 0.000000, 0.000000, 0.000000, 0.000000, 0.000000, 0.000000, 0.000000, 0.000000, 0.000000, 0.000000, 0.000000, 0.000000, 0.000000, 0.000000, 0.000000, 0.000000, 0.000000, 0.000000, 0.000000, 0.000000, 0.000000, 0.000000, 0.000000, 0.000000, 0.000000, 0.000000, 0.000000, 0.000000, -0.118108, -0.174824, -0.293290, -0.089725, -0.191341, -0.292419, -0.068340, -0.202685, -0.295066, -0.049583, -0.219549, -0.296903, -0.029547, -0.239403, -0.299497, -0.050822, -0.174439, -0.297289, -0.044240, -0.176273, -0.285048, -0.046996, -0.181847, -0.266977, -0.058962, -0.185874, -0.262309, -0.054468, -0.160685, -0.296135, -0.046851, -0.165561, -0.281245, -0.057786, -0.172624, -0.264067, -0.060417, -0.168714, -0.259581, -0.056414, -0.149996, -0.297431, -0.056908, -0.155065, -0.276395, -0.062421, -0.161907, -0.262549, -0.068870, -0.157539, -0.256348, -0.068785, -0.145242, -0.291686, -0.064506, -0.147193, -0.276525, -0.069093, -0.151167, -0.262191, -0.075380, -0.150692, -0.259332]
Frame 038: [-0.003623, -0.610129, -0.250290, 0.010035, -0.647919, -0.240169, 0.009506, -0.647642, -0.241881, 0.009907, -0.647664, -0.239792, -0.024657, -0.647725, -0.243214, -0.022599, -0.648478, -0.243823, -0.023291, -0.647450, -0.239752, 0.070660, -0.639775, -0.142269, -0.073054, -0.635672, -0.138476, 0.016011, -0.583315, -0.220195, -0.025928, -0.580828, -0.218163, 0.160050, -0.463385, -0.078186, -0.158951, -0.458322, -0.081689, 0.219775, -0.210067, -0.046161, -0.272037, -0.238831, -0.117001, 0.229679, -0.028437, -0.148498, -0.118065, -0.174823, -0.292825, 0.229534, 0.029995, -0.181804, -0.076349, -0.140260, -0.343969, 0.213088, 0.017584, -0.221492, -0.033111, -0.184736, -0.346241, 0.216911, -0.021880, -0.167606, -0.085928, -0.182989, -0.298681, 0.104200, -0.012615, -0.000986, -0.103554, 0.009313, 0.001360, 0.115484, 0.064060, -0.067360, -0.095374, 0.147604, -0.093509, 0.149025, 0.368700, 0.128266, -0.035275, 0.508288, 0.120815, 0.154196, 0.392458, 0.140387, -0.022814, 0.533275, 0.142850, 0.175232, 0.372990, -0.015883, -0.011357, 0.554877, -0.011794, 0.000000, 0.000000, 0.000000, 0.000000, 0.000000, 0.000000, 0.000000, 0.000000, 0.000000, 0.000000, 0.000000, 0.000000, 0.000000, 0.000000, 0.000000, 0.000000, 0.000000, 0.000000, 0.000000, 0.000000, 0.000000, 0.000000, 0.000000, 0.000000, 0.000000, 0.000000, 0.000000, 0.000000, 0.000000, 0.000000, 0.000000, 0.000000, 0.000000, 0.000000, 0.000000, 0.000000, 0.000000, 0.000000, 0.000000, 0.000000, 0.000000, 0.000000, 0.000000, 0.000000, 0.000000, 0.000000, 0.000000, 0.000000, 0.000000, 0.000000, 0.000000, 0.000000, 0.000000, 0.000000, 0.000000, 0.000000, 0.000000, 0.000000, 0.000000, 0.000000, 0.000000, 0.000000, 0.000000, -0.118065, -0.174823, -0.292825, -0.091017, -0.189629, -0.285902, -0.073084, -0.201240, -0.284953, -0.055691, -0.218804, -0.280753, -0.035703, -0.238552, -0.275151, -0.055681, -0.176904, -0.281457, -0.053665, -0.181114, -0.267875, -0.058872, -0.184742, -0.251688, -0.071294, -0.188066, -0.251902, -0.058149, -0.165110, -0.281303, -0.056466, -0.171134, -0.263591, -0.066250, -0.177375, -0.251729, -0.069726, -0.171989, -0.255715, -0.060511, -0.155706, -0.283680, -0.065697, -0.163651, -0.261017, -0.071131, -0.167795, -0.250092, -0.074844, -0.162718, -0.250799, -0.072553, -0.153339, -0.280194, -0.071305, -0.155574, -0.264207, -0.078119, -0.159789, -0.251095, -0.082364, -0.157107, -0.253657]
Frame 039: [-0.005374, -0.610105, -0.250727, 0.008569, -0.647895, -0.240747, 0.008040, -0.647619, -0.242470, 0.008440, -0.647640, -0.240388, -0.026213, -0.647704, -0.243566, -0.024162, -0.648458, -0.244155, -0.024849, -0.647429, -0.240086, 0.070227, -0.639738, -0.143423, -0.073630, -0.635646, -0.138547, 0.014670, -0.583298, -0.220796, -0.027352, -0.580813, -0.218447, 0.160054, -0.463249, -0.079471, -0.159298, -0.458301, -0.081731, 0.220090, -0.209594, -0.046641, -0.272504, -0.238685, -0.115821, 0.229644, -0.026506, -0.148653, -0.118226, -0.174603, -0.291281, 0.229484, 0.032279, -0.181847, -0.076395, -0.139908, -0.341367, 0.212651, 0.020045, -0.221684, -0.033196, -0.184139, -0.344374, 0.216824, -0.019778, -0.167780, -0.086066, -0.182678, -0.297254, 0.104185, -0.012616, -0.001029, -0.103528, 0.009310, 0.001414, 0.115487, 0.063233, -0.068138, -0.094932, 0.146658, -0.093972, 0.149667, 0.368317, 0.127774, -0.035106, 0.508279, 0.120085, 0.154892, 0.392119, 0.140044, -0.022713, 0.533237, 0.142394, 0.175870, 0.371668, -0.017349, -0.011436, 0.553979, -0.012200, 0.000000, 0.000000, 0.000000, 0.000000, 0.000000, 0.000000, 0.000000, 0.000000, 0.000000, 0.000000, 0.000000, 0.000000, 0.000000, 0.000000, 0.000000, 0.000000, 0.000000, 0.000000, 0.000000, 0.000000, 0.000000, 0.000000, 0.000000, 0.000000, 0.000000, 0.000000, 0.000000, 0.000000, 0.000000, 0.000000, 0.000000, 0.000000, 0.000000, 0.000000, 0.000000, 0.000000, 0.000000, 0.000000, 0.000000, 0.000000, 0.000000, 0.000000, 0.000000, 0.000000, 0.000000, 0.000000, 0.000000, 0.000000, 0.000000, 0.000000, 0.000000, 0.000000, 0.000000, 0.000000, 0.000000, 0.000000, 0.000000, 0.000000, 0.000000, 0.000000, 0.000000, 0.000000, 0.000000, -0.118226, -0.174603, -0.291281, -0.090682, -0.191497, -0.290541, -0.066333, -0.204883, -0.288422, -0.045309, -0.221391, -0.285265, -0.024033, -0.240161, -0.279928, -0.047671, -0.178854, -0.297555, -0.046577, -0.184445, -0.288497, -0.052586, -0.186983, -0.269378, -0.064665, -0.188189, -0.269923, -0.051420, -0.163784, -0.299728, -0.048206, -0.171253, -0.288572, -0.059837, -0.177103, -0.273521, -0.062781, -0.172308, -0.272710, -0.054967, -0.153829, -0.303200, -0.057920, -0.161233, -0.286469, -0.064849, -0.165875, -0.273228, -0.068168, -0.160390, -0.269698, -0.068089, -0.148689, -0.299792, -0.063161, -0.153499, -0.286782, -0.069905, -0.159921, -0.273631, -0.072754, -0.155971, -0.275612]
Frame 040: [-0.007523, -0.610197, -0.252634, 0.006810, -0.647965, -0.242930, 0.006281, -0.647688, -0.244673, 0.006677, -0.647710, -0.242595, -0.028110, -0.647786, -0.245441, -0.026064, -0.648541, -0.245995, -0.026745, -0.647511, -0.241927, 0.069294, -0.639743, -0.146191, -0.074911, -0.635673, -0.139702, 0.012736, -0.583368, -0.222873, -0.029434, -0.580897, -0.220033, 0.159609, -0.463211, -0.082222, -0.160591, -0.458272, -0.082234, 0.220246, -0.209583, -0.049495, -0.273186, -0.238126, -0.113324, 0.228848, -0.027089, -0.151581, -0.119295, -0.172121, -0.283313, 0.228028, 0.031424, -0.184495, -0.077339, -0.136360, -0.330667, 0.210197, 0.019011, -0.224213, -0.034739, -0.179776, -0.335304, 0.215479, -0.020474, -0.170493, -0.087239, -0.179771, -0.289561, 0.104202, -0.012624, -0.001149, -0.103530, 0.009310, 0.001551, 0.115514, 0.059789, -0.068869, -0.094768, 0.143263, -0.094405, 0.150824, 0.365363, 0.127498, -0.034942, 0.507248, 0.120087, 0.156134, 0.388961, 0.139867, -0.022598, 0.531887, 0.142591, 0.177089, 0.365908, -0.019684, -0.011582, 0.550900, -0.012225, 0.000000, 0.000000, 0.000000, 0.000000, 0.000000, 0.000000, 0.000000, 0.000000, 0.000000, 0.000000, 0.000000, 0.000000, 0.000000, 0.000000, 0.000000, 0.000000, 0.000000, 0.000000, 0.000000, 0.000000, 0.000000, 0.000000, 0.000000, 0.000000, 0.000000, 0.000000, 0.000000, 0.000000, 0.000000, 0.000000, 0.000000, 0.000000, 0.000000, 0.000000, 0.000000, 0.000000, 0.000000, 0.000000, 0.000000, 0.000000, 0.000000, 0.000000, 0.000000, 0.000000, 0.000000, 0.000000, 0.000000, 0.000000, 0.000000, 0.000000, 0.000000, 0.000000, 0.000000, 0.000000, 0.000000, 0.000000, 0.000000, 0.000000, 0.000000, 0.000000, 0.000000, 0.000000, 0.000000, -0.119295, -0.172121, -0.283313, -0.093792, -0.191616, -0.280413, -0.069215, -0.205113, -0.275430, -0.047099, -0.221594, -0.268833, -0.023051, -0.242046, -0.262117, -0.046597, -0.179585, -0.275364, -0.047795, -0.186412, -0.263078, -0.053854, -0.189431, -0.245684, -0.063528, -0.188130, -0.247050, -0.049728, -0.162616, -0.276315, -0.048051, -0.171334, -0.261466, -0.060852, -0.177457, -0.248351, -0.061137, -0.170593, -0.248182, -0.054480, -0.150028, -0.279977, -0.060267, -0.158158, -0.261194, -0.067840, -0.164681, -0.248488, -0.069297, -0.158006, -0.245807, -0.069491, -0.143975, -0.277342, -0.067778, -0.150968, -0.263983, -0.074505, -0.156881, -0.250848, -0.077891, -0.153072, -0.251502]
Frame 041: [-0.008170, -0.610232, -0.255287, 0.006333, -0.647985, -0.245719, 0.005803, -0.647708, -0.247479, 0.006197, -0.647729, -0.245405, -0.028689, -0.647811, -0.248138, -0.026646, -0.648566, -0.248658, -0.027323, -0.647534, -0.244588, 0.069016, -0.639698, -0.149014, -0.075481, -0.635643, -0.141647, 0.012130, -0.583379, -0.225490, -0.030155, -0.580912, -0.222358, 0.159295, -0.463126, -0.084353, -0.160997, -0.458027, -0.083755, 0.220842, -0.209623, -0.051868, -0.273182, -0.237291, -0.111401, 0.228675, -0.028380, -0.154884, -0.119454, -0.168141, -0.274639, 0.227517, 0.029745, -0.187522, -0.077470, -0.130908, -0.319603, 0.209037, 0.017495, -0.226919, -0.035188, -0.173106, -0.325395, 0.214985, -0.021779, -0.173513, -0.087447, -0.175132, -0.281100, 0.104206, -0.012616, -0.001196, -0.103521, 0.009300, 0.001607, 0.115607, 0.056931, -0.070883, -0.094508, 0.137255, -0.096065, 0.152118, 0.364083, 0.127260, -0.034486, 0.507011, 0.120037, 0.157570, 0.387631, 0.139761, -0.022209, 0.531603, 0.142695, 0.178621, 0.362440, -0.021854, -0.011561, 0.548528, -0.012262, 0.000000, 0.000000, 0.000000, 0.000000, 0.000000, 0.000000, 0.000000, 0.000000, 0.000000, 0.000000, 0.000000, 0.000000, 0.000000, 0.000000, 0.000000, 0.000000, 0.000000, 0.000000, 0.000000, 0.000000, 0.000000, 0.000000, 0.000000, 0.000000, 0.000000, 0.000000, 0.000000, 0.000000, 0.000000, 0.000000, 0.000000, 0.000000, 0.000000, 0.000000, 0.000000, 0.000000, 0.000000, 0.000000, 0.000000, 0.000000, 0.000000, 0.000000, 0.000000, 0.000000, 0.000000, 0.000000, 0.000000, 0.000000, 0.000000, 0.000000, 0.000000, 0.000000, 0.000000, 0.000000, 0.000000, 0.000000, 0.000000, 0.000000, 0.000000, 0.000000, 0.000000, 0.000000, 0.000000, -0.119454, -0.168141, -0.274639, -0.094154, -0.188822, -0.269230, -0.068648, -0.202515, -0.264678, -0.044803, -0.217948, -0.258881, -0.020718, -0.237965, -0.251433, -0.044627, -0.175214, -0.260588, -0.044190, -0.179827, -0.247550, -0.051521, -0.182243, -0.229670, -0.062150, -0.182728, -0.230630, -0.047960, -0.156196, -0.260839, -0.044346, -0.163151, -0.243542, -0.057921, -0.169684, -0.230203, -0.060486, -0.163459, -0.230059, -0.053496, -0.141580, -0.264199, -0.057515, -0.148632, -0.242276, -0.065572, -0.156427, -0.230747, -0.068822, -0.150513, -0.227402, -0.068698, -0.134879, -0.260296, -0.065771, -0.140679, -0.245650, -0.071942, -0.147391, -0.232449, -0.077328, -0.144598, -0.233832]
Frame 042: [-0.008323, -0.610167, -0.258396, 0.006185, -0.647918, -0.248856, 0.005655, -0.647640, -0.250633, 0.006050, -0.647661, -0.248567, -0.028894, -0.647745, -0.251280, -0.026852, -0.648500, -0.251768, -0.027528, -0.647467, -0.247701, 0.068917, -0.639581, -0.151806, -0.075780, -0.635520, -0.144263, 0.011988, -0.583309, -0.228450, -0.030355, -0.580844, -0.225243, 0.159190, -0.462886, -0.086349, -0.161090, -0.457738, -0.086353, 0.221139, -0.209331, -0.053568, -0.273104, -0.236235, -0.111451, 0.228649, -0.028359, -0.157118, -0.119672, -0.166362, -0.274775, 0.227487, 0.029725, -0.189377, -0.077768, -0.128932, -0.319847, 0.208870, 0.017515, -0.229058, -0.035783, -0.170693, -0.325676, 0.214930, -0.021742, -0.175783, -0.087739, -0.173100, -0.281283, 0.104198, -0.012602, -0.001196, -0.103490, 0.009285, 0.001610, 0.115652, 0.056678, -0.072043, -0.094117, 0.135993, -0.097473, 0.152719, 0.364206, 0.127226, -0.034106, 0.507528, 0.119593, 0.158235, 0.387825, 0.139731, -0.021893, 0.532132, 0.142593, 0.179536, 0.362516, -0.022461, -0.011437, 0.548475, -0.012561, 0.000000, 0.000000, 0.000000, 0.000000, 0.000000, 0.000000, 0.000000, 0.000000, 0.000000, 0.000000, 0.000000, 0.000000, 0.000000, 0.000000, 0.000000, 0.000000, 0.000000, 0.000000, 0.000000, 0.000000, 0.000000, 0.000000, 0.000000, 0.000000, 0.000000, 0.000000, 0.000000, 0.000000, 0.000000, 0.000000, 0.000000, 0.000000, 0.000000, 0.000000, 0.000000, 0.000000, 0.000000, 0.000000, 0.000000, 0.000000, 0.000000, 0.000000, 0.000000, 0.000000, 0.000000, 0.000000, 0.000000, 0.000000, 0.000000, 0.000000, 0.000000, 0.000000, 0.000000, 0.000000, 0.000000, 0.000000, 0.000000, 0.000000, 0.000000, 0.000000, 0.000000, 0.000000, 0.000000, -0.119672, -0.166362, -0.274775, -0.093988, -0.185462, -0.269477, -0.072162, -0.198721, -0.267067, -0.050928, -0.215671, -0.262396, -0.028589, -0.235399, -0.255744, -0.050484, -0.172757, -0.264220, -0.050179, -0.180027, -0.250554, -0.057187, -0.183527, -0.233264, -0.068419, -0.182170, -0.234284, -0.053036, -0.157386, -0.263498, -0.050469, -0.165908, -0.247989, -0.062853, -0.172401, -0.232433, -0.063880, -0.164732, -0.234247, -0.056376, -0.145613, -0.266801, -0.063076, -0.154317, -0.246578, -0.068455, -0.161125, -0.233355, -0.070958, -0.153426, -0.229305, -0.070295, -0.140498, -0.263227, -0.068549, -0.146545, -0.248967, -0.074553, -0.152478, -0.235987, -0.078977, -0.148358, -0.236511]
Frame 043: [-0.008454, -0.610148, -0.258290, 0.005972, -0.647900, -0.248745, 0.005442, -0.647623, -0.250520, 0.005837, -0.647644, -0.248454, -0.029050, -0.647708, -0.251170, -0.027007, -0.648465, -0.251661, -0.027683, -0.647433, -0.247594, 0.068742, -0.639566, -0.151854, -0.075794, -0.635382, -0.144279, 0.011873, -0.583298, -0.228404, -0.030417, -0.580810, -0.225200, 0.159191, -0.462743, -0.086794, -0.161085, -0.457492, -0.086364, 0.220947, -0.208994, -0.053901, -0.273315, -0.235377, -0.112164, 0.227525, -0.027824, -0.157024, -0.119599, -0.166739, -0.278992, 0.226202, 0.030110, -0.189279, -0.077480, -0.130234, -0.325781, 0.207647, 0.017720, -0.228998, -0.035325, -0.173074, -0.330387, 0.213760, -0.021325, -0.175717, -0.087617, -0.173893, -0.285150, 0.104139, -0.012623, -0.001248, -0.103443, 0.009291, 0.001668, 0.115704, 0.056871, -0.072069, -0.093736, 0.139349, -0.097441, 0.152990, 0.363615, 0.126711, -0.033878, 0.507681, 0.118788, 0.158500, 0.387208, 0.139250, -0.021699, 0.532280, 0.141533, 0.179799, 0.362605, -0.022448, -0.011509, 0.549642, -0.013220, 0.000000, 0.000000, 0.000000, 0.000000, 0.000000, 0.000000, 0.000000, 0.000000, 0.000000, 0.000000, 0.000000, 0.000000, 0.000000, 0.000000, 0.000000, 0.000000, 0.000000, 0.000000, 0.000000, 0.000000, 0.000000, 0.000000, 0.000000, 0.000000, 0.000000, 0.000000, 0.000000, 0.000000, 0.000000, 0.000000, 0.000000, 0.000000, 0.000000, 0.000000, 0.000000, 0.000000, 0.000000, 0.000000, 0.000000, 0.000000, 0.000000, 0.000000, 0.000000, 0.000000, 0.000000, 0.000000, 0.000000, 0.000000, 0.000000, 0.000000, 0.000000, 0.000000, 0.000000, 0.000000, 0.000000, 0.000000, 0.000000, 0.000000, 0.000000, 0.000000, 0.000000, 0.000000, 0.000000, -0.119599, -0.166739, -0.278992, -0.094486, -0.186488, -0.272187, -0.070942, -0.201007, -0.268225, -0.045989, -0.217602, -0.257907, -0.022262, -0.237565, -0.246628, -0.043653, -0.173527, -0.263021, -0.043144, -0.177413, -0.249201, -0.050990, -0.179983, -0.231074, -0.062477, -0.181108, -0.231682, -0.047292, -0.154133, -0.261779, -0.043007, -0.159978, -0.243186, -0.055986, -0.168419, -0.229059, -0.059139, -0.163588, -0.228960, -0.051398, -0.139474, -0.264331, -0.055357, -0.145597, -0.240946, -0.063851, -0.154021, -0.228019, -0.068475, -0.150081, -0.225415, -0.067672, -0.133024, -0.260791, -0.063905, -0.136127, -0.244736, -0.070290, -0.143619, -0.231605, -0.076680, -0.143131, -0.231212]
Frame 044: [-0.008475, -0.610164, -0.257745, 0.005900, -0.647917, -0.248224, 0.005370, -0.647641, -0.250002, 0.005765, -0.647663, -0.247934, -0.029084, -0.647713, -0.250649, -0.027041, -0.648472, -0.251139, -0.027717, -0.647440, -0.247073, 0.068561, -0.639581, -0.151599, -0.075801, -0.635362, -0.144131, 0.011831, -0.583325, -0.227998, -0.030424, -0.580818, -0.224840, 0.159129, -0.462725, -0.086700, -0.161058, -0.457430, -0.086288, 0.220884, -0.208982, -0.053648, -0.273321, -0.234967, -0.112198, 0.226972, -0.027827, -0.155926, -0.119588, -0.166822, -0.279332, 0.225518, 0.030087, -0.188144, -0.077472, -0.130460, -0.326435, 0.206941, 0.017643, -0.227836, -0.035284, -0.173646, -0.330679, 0.213155, -0.021343, -0.174639, -0.087604, -0.174003, -0.285353, 0.104064, -0.012623, -0.001251, -0.103372, 0.009286, 0.001673, 0.116075, 0.057999, -0.072239, -0.093095, 0.140650, -0.097587, 0.153264, 0.363955, 0.125224, -0.032962, 0.508141, 0.115159, 0.158763, 0.387618, 0.137702, -0.020746, 0.532788, 0.137326, 0.180296, 0.363876, -0.022667, -0.010939, 0.550602, -0.016698, 0.000000, 0.000000, 0.000000, 0.000000, 0.000000, 0.000000, 0.000000, 0.000000, 0.000000, 0.000000, 0.000000, 0.000000, 0.000000, 0.000000, 0.000000, 0.000000, 0.000000, 0.000000, 0.000000, 0.000000, 0.000000, 0.000000, 0.000000, 0.000000, 0.000000, 0.000000, 0.000000, 0.000000, 0.000000, 0.000000, 0.000000, 0.000000, 0.000000, 0.000000, 0.000000, 0.000000, 0.000000, 0.000000, 0.000000, 0.000000, 0.000000, 0.000000, 0.000000, 0.000000, 0.000000, 0.000000, 0.000000, 0.000000, 0.000000, 0.000000, 0.000000, 0.000000, 0.000000, 0.000000, 0.000000, 0.000000, 0.000000, 0.000000, 0.000000, 0.000000, 0.000000, 0.000000, 0.000000, -0.119588, -0.166822, -0.279332, -0.094151, -0.186820, -0.276029, -0.070326, -0.200815, -0.272235, -0.046665, -0.217565, -0.265673, -0.022052, -0.238226, -0.258390, -0.044307, -0.175128, -0.272304, -0.044621, -0.182152, -0.261174, -0.051591, -0.184611, -0.244217, -0.061990, -0.182711, -0.245416, -0.047022, -0.157087, -0.272852, -0.045034, -0.165456, -0.259571, -0.058307, -0.171717, -0.245400, -0.059376, -0.164335, -0.245301, -0.051920, -0.143069, -0.276730, -0.057506, -0.151193, -0.259329, -0.064965, -0.158533, -0.246379, -0.067734, -0.151820, -0.241875, -0.067657, -0.136440, -0.273958, -0.065436, -0.142945, -0.261948, -0.072270, -0.149906, -0.250077, -0.076014, -0.145746, -0.250100]
Frame 045: [-0.008542, -0.610108, -0.256889, 0.005787, -0.647869, -0.247434, 0.005256, -0.647593, -0.249216, 0.005652, -0.647616, -0.247143, -0.029157, -0.647651, -0.249719, -0.027114, -0.648412, -0.250211, -0.027790, -0.647380, -0.246145, 0.068541, -0.639555, -0.151266, -0.075751, -0.635288, -0.143460, 0.011806, -0.583289, -0.227373, -0.030428, -0.580768, -0.224104, 0.159279, -0.462634, -0.086611, -0.160801, -0.457397, -0.085712, 0.220890, -0.208898, -0.053512, -0.273144, -0.234901, -0.112213, 0.226820, -0.027771, -0.155321, -0.119127, -0.167284, -0.280592, 0.225314, 0.030094, -0.187587, -0.077008, -0.131342, -0.328520, 0.206781, 0.017613, -0.227252, -0.034607, -0.174956, -0.332167, 0.213000, -0.021324, -0.174032, -0.087089, -0.174685, -0.286487, 0.104032, -0.012615, -0.001279, -0.103337, 0.009272, 0.001705, 0.116348, 0.058121, -0.072754, -0.092886, 0.140643, -0.097717, 0.153292, 0.363926, 0.124326, -0.032631, 0.508098, 0.113746, 0.158779, 0.387597, 0.136809, -0.020382, 0.532745, 0.135783, 0.180314, 0.363923, -0.022994, -0.010740, 0.550625, -0.018464, 0.000000, 0.000000, 0.000000, 0.000000, 0.000000, 0.000000, 0.000000, 0.000000, 0.000000, 0.000000, 0.000000, 0.000000, 0.000000, 0.000000, 0.000000, 0.000000, 0.000000, 0.000000, 0.000000, 0.000000, 0.000000, 0.000000, 0.000000, 0.000000, 0.000000, 0.000000, 0.000000, 0.000000, 0.000000, 0.000000, 0.000000, 0.000000, 0.000000, 0.000000, 0.000000, 0.000000, 0.000000, 0.000000, 0.000000, 0.000000, 0.000000, 0.000000, 0.000000, 0.000000, 0.000000, 0.000000, 0.000000, 0.000000, 0.000000, 0.000000, 0.000000, 0.000000, 0.000000, 0.000000, 0.000000, 0.000000, 0.000000, 0.000000, 0.000000, 0.000000, 0.000000, 0.000000, 0.000000, -0.119127, -0.167284, -0.280592, -0.091774, -0.185353, -0.280738, -0.067416, -0.199323, -0.279393, -0.044562, -0.214415, -0.275906, -0.020899, -0.236210, -0.272388, -0.044073, -0.173649, -0.286019, -0.044239, -0.179986, -0.277881, -0.050717, -0.182545, -0.260144, -0.061155, -0.181639, -0.260458, -0.047817, -0.157595, -0.288229, -0.044407, -0.164666, -0.279485, -0.057791, -0.171211, -0.264577, -0.058164, -0.162837, -0.261449, -0.052208, -0.145294, -0.293383, -0.057191, -0.152162, -0.279806, -0.064090, -0.158724, -0.264911, -0.065970, -0.151215, -0.258601, -0.067696, -0.139530, -0.291625, -0.064320, -0.144799, -0.281849, -0.069176, -0.151064, -0.269460, -0.073814, -0.147062, -0.268874]
Frame 046: [-0.008969, -0.609701, -0.256823, 0.005304, -0.647509, -0.247371, 0.004771, -0.647234, -0.249152, 0.005167, -0.647259, -0.247079, -0.029632, -0.647262, -0.249639, -0.027589, -0.648024, -0.250132, -0.028267, -0.646992, -0.246066, 0.068380, -0.639418, -0.151213, -0.075879, -0.635068, -0.143340, 0.011556, -0.583007, -0.227318, -0.030662, -0.580454, -0.224015, 0.159327, -0.462563, -0.086635, -0.160793, -0.457316, -0.085459, 0.220857, -0.208874, -0.053588, -0.273122, -0.234806, -0.111874, 0.226544, -0.027967, -0.155289, -0.119120, -0.167322, -0.280831, 0.224978, 0.029790, -0.187582, -0.077012, -0.131422, -0.328850, 0.206510, 0.017179, -0.227238, -0.034594, -0.175056, -0.332506, 0.212715, -0.021598, -0.174001, -0.087075, -0.174765, -0.286745, 0.104025, -0.012612, -0.001339, -0.103326, 0.009268, 0.001767, 0.116698, 0.058059, -0.073456, -0.092772, 0.140064, -0.097857, 0.153596, 0.363745, 0.123407, -0.032101, 0.507901, 0.113360, 0.159089, 0.387423, 0.135854, -0.019780, 0.532547, 0.135444, 0.180554, 0.363893, -0.023895, -0.010246, 0.550463, -0.019099, 0.000000, 0.000000, 0.000000, 0.000000, 0.000000, 0.000000, 0.000000, 0.000000, 0.000000, 0.000000, 0.000000, 0.000000, 0.000000, 0.000000, 0.000000, 0.000000, 0.000000, 0.000000, 0.000000, 0.000000, 0.000000, 0.000000, 0.000000, 0.000000, 0.000000, 0.000000, 0.000000, 0.000000, 0.000000, 0.000000, 0.000000, 0.000000, 0.000000, 0.000000, 0.000000, 0.000000, 0.000000, 0.000000, 0.000000, 0.000000, 0.000000, 0.000000, 0.000000, 0.000000, 0.000000, 0.000000, 0.000000, 0.000000, 0.000000, 0.000000, 0.000000, 0.000000, 0.000000, 0.000000, 0.000000, 0.000000, 0.000000, 0.000000, 0.000000, 0.000000, 0.000000, 0.000000, 0.000000, -0.119120, -0.167322, -0.280831, -0.093105, -0.187980, -0.280155, -0.067677, -0.201321, -0.277476, -0.043471, -0.216966, -0.270865, -0.019267, -0.238545, -0.264430, -0.044084, -0.174278, -0.279460, -0.043200, -0.179214, -0.269129, -0.049581, -0.182421, -0.251262, -0.061550, -0.182330, -0.249219, -0.047334, -0.156141, -0.279628, -0.042978, -0.162984, -0.266098, -0.056256, -0.168786, -0.251242, -0.059604, -0.162860, -0.247850, -0.052476, -0.141811, -0.282116, -0.055093, -0.148571, -0.264570, -0.062982, -0.155607, -0.250839, -0.066735, -0.150086, -0.245563, -0.068139, -0.135030, -0.277719, -0.062986, -0.140436, -0.265780, -0.068522, -0.147183, -0.253140, -0.073979, -0.143586, -0.251812]
Frame 047: [-0.009321, -0.609712, -0.256605, 0.004950, -0.647522, -0.247174, 0.004417, -0.647247, -0.248955, 0.004811, -0.647272, -0.246879, -0.029994, -0.647265, -0.249356, -0.027952, -0.648027, -0.249852, -0.028631, -0.646995, -0.245786, 0.068303, -0.639416, -0.151169, -0.075962, -0.635041, -0.142950, 0.011365, -0.583015, -0.227181, -0.030856, -0.580453, -0.223768, 0.159422, -0.462543, -0.086616, -0.160732, -0.457254, -0.085254, 0.220894, -0.208899, -0.053632, -0.273070, -0.234764, -0.111546, 0.226520, -0.028704, -0.155255, -0.119238, -0.167271, -0.280688, 0.224930, 0.028911, -0.187558, -0.077230, -0.131290, -0.328623, 0.206474, 0.016272, -0.227218, -0.034772, -0.174800, -0.332430, 0.212683, -0.022395, -0.173972, -0.087188, -0.174700, -0.286670, 0.104030, -0.012596, -0.001376, -0.103320, 0.009255, 0.001805, 0.116800, 0.057448, -0.074429, -0.092762, 0.138550, -0.098216, 0.153671, 0.363398, 0.123070, -0.032081, 0.507863, 0.113343, 0.159162, 0.387051, 0.135554, -0.019762, 0.532517, 0.135484, 0.180569, 0.363376, -0.024635, -0.010261, 0.550234, -0.019287, 0.000000, 0.000000, 0.000000, 0.000000, 0.000000, 0.000000, 0.000000, 0.000000, 0.000000, 0.000000, 0.000000, 0.000000, 0.000000, 0.000000, 0.000000, 0.000000, 0.000000, 0.000000, 0.000000, 0.000000, 0.000000, 0.000000, 0.000000, 0.000000, 0.000000, 0.000000, 0.000000, 0.000000, 0.000000, 0.000000, 0.000000, 0.000000, 0.000000, 0.000000, 0.000000, 0.000000, 0.000000, 0.000000, 0.000000, 0.000000, 0.000000, 0.000000, 0.000000, 0.000000, 0.000000, 0.000000, 0.000000, 0.000000, 0.000000, 0.000000, 0.000000, 0.000000, 0.000000, 0.000000, 0.000000, 0.000000, 0.000000, 0.000000, 0.000000, 0.000000, 0.000000, 0.000000, 0.000000, -0.119238, -0.167271, -0.280688, -0.093050, -0.188261, -0.277766, -0.067634, -0.202694, -0.273598, -0.041917, -0.218595, -0.264388, -0.017161, -0.238750, -0.256314, -0.042310, -0.175269, -0.272861, -0.040520, -0.179025, -0.261462, -0.046948, -0.182525, -0.243760, -0.060479, -0.183029, -0.241988, -0.045782, -0.155756, -0.273122, -0.040321, -0.162751, -0.257611, -0.053714, -0.168706, -0.242845, -0.057576, -0.163315, -0.239997, -0.050911, -0.140852, -0.276038, -0.053321, -0.147753, -0.255965, -0.061119, -0.155116, -0.242197, -0.065683, -0.149729, -0.238079, -0.066951, -0.133420, -0.272168, -0.061523, -0.138558, -0.258613, -0.067044, -0.146484, -0.245230, -0.073316, -0.143041, -0.244415]
Frame 048: [-0.010895, -0.609380, -0.256544, 0.003512, -0.647245, -0.247114, 0.002981, -0.646971, -0.248895, 0.003371, -0.646995, -0.246819, -0.031458, -0.646980, -0.249262, -0.029417, -0.647743, -0.249762, -0.030097, -0.646711, -0.245697, 0.067636, -0.639346, -0.151132, -0.076683, -0.634952, -0.142690, 0.010089, -0.582795, -0.227134, -0.032146, -0.580218, -0.223646, 0.159395, -0.462488, -0.086904, -0.161209, -0.457162, -0.084618, 0.220836, -0.208715, -0.054080, -0.273064, -0.233978, -0.111416, 0.225661, -0.028779, -0.155264, -0.119309, -0.167305, -0.281405, 0.223823, 0.028690, -0.187612, -0.077321, -0.131352, -0.329458, 0.205048, 0.015902, -0.227307, -0.034937, -0.174900, -0.333411, 0.211647, -0.022541, -0.173990, -0.087275, -0.174753, -0.287471, 0.104043, -0.012612, -0.001537, -0.103333, 0.009267, 0.001964, 0.116789, 0.057421, -0.074692, -0.092826, 0.140061, -0.098154, 0.153577, 0.362631, 0.123010, -0.032876, 0.508557, 0.113381, 0.159022, 0.386214, 0.135523, -0.020765, 0.533301, 0.135535, 0.180048, 0.363270, -0.024587, -0.012676, 0.551607, -0.019240, 0.000000, 0.000000, 0.000000, 0.000000, 0.000000, 0.000000, 0.000000, 0.000000, 0.000000, 0.000000, 0.000000, 0.000000, 0.000000, 0.000000, 0.000000, 0.000000, 0.000000, 0.000000, 0.000000, 0.000000, 0.000000, 0.000000, 0.000000, 0.000000, 0.000000, 0.000000, 0.000000, 0.000000, 0.000000, 0.000000, 0.000000, 0.000000, 0.000000, 0.000000, 0.000000, 0.000000, 0.000000, 0.000000, 0.000000, 0.000000, 0.000000, 0.000000, 0.000000, 0.000000, 0.000000, 0.000000, 0.000000, 0.000000, 0.000000, 0.000000, 0.000000, 0.000000, 0.000000, 0.000000, 0.000000, 0.000000, 0.000000, 0.000000, 0.000000, 0.000000, 0.000000, 0.000000, 0.000000, -0.119309, -0.167305, -0.281405, -0.092699, -0.188228, -0.280527, -0.068653, -0.202286, -0.278671, -0.044378, -0.218565, -0.274773, -0.020352, -0.237833, -0.269046, -0.043701, -0.174438, -0.276889, -0.040929, -0.176870, -0.265413, -0.047149, -0.180052, -0.246728, -0.061347, -0.181487, -0.245015, -0.046964, -0.153908, -0.275456, -0.041512, -0.160223, -0.259473, -0.054041, -0.166382, -0.245179, -0.058221, -0.161417, -0.243384, -0.051524, -0.138114, -0.276809, -0.053311, -0.145559, -0.255322, -0.060797, -0.152900, -0.243484, -0.065548, -0.148408, -0.240255, -0.066610, -0.131030, -0.271138, -0.061780, -0.136661, -0.257173, -0.067607, -0.144584, -0.243726, -0.073269, -0.141414, -0.243998]
Frame 049: [-0.011736, -0.609290, -0.256479, 0.002673, -0.647177, -0.247056, 0.002143, -0.646903, -0.248836, 0.002533, -0.646927, -0.246760, -0.032302, -0.646899, -0.249196, -0.030261, -0.647664, -0.249697, -0.030941, -0.646631, -0.245632, 0.067157, -0.639334, -0.151135, -0.077167, -0.634906, -0.142626, 0.009383, -0.582741, -0.227083, -0.032846, -0.580147, -0.223593, 0.159352, -0.462468, -0.087087, -0.161497, -0.457074, -0.084424, 0.220838, -0.208673, -0.054276, -0.273088, -0.233468, -0.111355, 0.225433, -0.028833, -0.155323, -0.119340, -0.167336, -0.281766, 0.223540, 0.028523, -0.187725, -0.077341, -0.131575, -0.329862, 0.204614, 0.015672, -0.227455, -0.035002, -0.175222, -0.333832, 0.211351, -0.022627, -0.174070, -0.087317, -0.174841, -0.287847, 0.104043, -0.012630, -0.001616, -0.103332, 0.009276, 0.002049, 0.116791, 0.057386, -0.074758, -0.092821, 0.141098, -0.098139, 0.153569, 0.361776, 0.122995, -0.033150, 0.508866, 0.113382, 0.158997, 0.385315, 0.135537, -0.021121, 0.533605, 0.135565, 0.179936, 0.362862, -0.024443, -0.013550, 0.552160, -0.019226, 0.000000, 0.000000, 0.000000, 0.000000, 0.000000, 0.000000, 0.000000, 0.000000, 0.000000, 0.000000, 0.000000, 0.000000, 0.000000, 0.000000, 0.000000, 0.000000, 0.000000, 0.000000, 0.000000, 0.000000, 0.000000, 0.000000, 0.000000, 0.000000, 0.000000, 0.000000, 0.000000, 0.000000, 0.000000, 0.000000, 0.000000, 0.000000, 0.000000, 0.000000, 0.000000, 0.000000, 0.000000, 0.000000, 0.000000, 0.000000, 0.000000, 0.000000, 0.000000, 0.000000, 0.000000, 0.000000, 0.000000, 0.000000, 0.000000, 0.000000, 0.000000, 0.000000, 0.000000, 0.000000, 0.000000, 0.000000, 0.000000, 0.000000, 0.000000, 0.000000, 0.000000, 0.000000, 0.000000, -0.119340, -0.167336, -0.281766, -0.092955, -0.188102, -0.277873, -0.070412, -0.202376, -0.275133, -0.045541, -0.219071, -0.269332, -0.022303, -0.237222, -0.261541, -0.045478, -0.174899, -0.270851, -0.042774, -0.177828, -0.257590, -0.049250, -0.181467, -0.240787, -0.062339, -0.181455, -0.242078, -0.048471, -0.155270, -0.269685, -0.042938, -0.161540, -0.253359, -0.055719, -0.168925, -0.239427, -0.059396, -0.163007, -0.240337, -0.053205, -0.140089, -0.272286, -0.056260, -0.147297, -0.251113, -0.063273, -0.155808, -0.237789, -0.067792, -0.149900, -0.235668, -0.068597, -0.133134, -0.268219, -0.064357, -0.138468, -0.253383, -0.070635, -0.146713, -0.240703, -0.076269, -0.143735, -0.240426]
Frame 050: [-0.011820, -0.609230, -0.256437, 0.002591, -0.647122, -0.247016, 0.002061, -0.646848, -0.248796, 0.002451, -0.646873, -0.246720, -0.032384, -0.646837, -0.249144, -0.030343, -0.647602, -0.249644, -0.031022, -0.646570, -0.245580, 0.067107, -0.639265, -0.151106, -0.077211, -0.634800, -0.142543, 0.009297, -0.582681, -0.227042, -0.032928, -0.580076, -0.223554, 0.159358, -0.462336, -0.087107, -0.161571, -0.456862, -0.084304, 0.220944, -0.208634, -0.054304, -0.273085, -0.232925, -0.111340, 0.225336, -0.028924, -0.155360, -0.119324, -0.167368, -0.282125, 0.223391, 0.028289, -0.187812, -0.077297, -0.131743, -0.330244, 0.204288, 0.015391, -0.227546, -0.034997, -0.175443, -0.334213, 0.211187, -0.022751, -0.174120, -0.087308, -0.174879, -0.288203, 0.104039, -0.012644, -0.001651, -0.103326, 0.009282, 0.002088, 0.116765, 0.057204, -0.074941, -0.092811, 0.141382, -0.098343, 0.153569, 0.360839, 0.122583, -0.033307, 0.508874, 0.112981, 0.158990, 0.384330, 0.135191, -0.021327, 0.533609, 0.135252, 0.179907, 0.362060, -0.024752, -0.013914, 0.552197, -0.019593, 0.000000, 0.000000, 0.000000, 0.000000, 0.000000, 0.000000, 0.000000, 0.000000, 0.000000, 0.000000, 0.000000, 0.000000, 0.000000, 0.000000, 0.000000, 0.000000, 0.000000, 0.000000, 0.000000, 0.000000, 0.000000, 0.000000, 0.000000, 0.000000, 0.000000, 0.000000, 0.000000, 0.000000, 0.000000, 0.000000, 0.000000, 0.000000, 0.000000, 0.000000, 0.000000, 0.000000, 0.000000, 0.000000, 0.000000, 0.000000, 0.000000, 0.000000, 0.000000, 0.000000, 0.000000, 0.000000, 0.000000, 0.000000, 0.000000, 0.000000, 0.000000, 0.000000, 0.000000, 0.000000, 0.000000, 0.000000, 0.000000, 0.000000, 0.000000, 0.000000, 0.000000, 0.000000, 0.000000, -0.119324, -0.167368, -0.282125, -0.093887, -0.187806, -0.278083, -0.072013, -0.201554, -0.275523, -0.047563, -0.218589, -0.270460, -0.023661, -0.237159, -0.264280, -0.046630, -0.174077, -0.269692, -0.044131, -0.177911, -0.255579, -0.050824, -0.181782, -0.238743, -0.063645, -0.181587, -0.240523, -0.048993, -0.155088, -0.267521, -0.043555, -0.162632, -0.249116, -0.056413, -0.169306, -0.236045, -0.059404, -0.163344, -0.238102, -0.052890, -0.141246, -0.268709, -0.055925, -0.148763, -0.245692, -0.062846, -0.156683, -0.233577, -0.067062, -0.150210, -0.232967, -0.067415, -0.134812, -0.263345, -0.062977, -0.140328, -0.247367, -0.069580, -0.147695, -0.235083, -0.075529, -0.144782, -0.236506]
Frame 051: [-0.011811, -0.609102, -0.256402, 0.002578, -0.647026, -0.246979, 0.002049, -0.646753, -0.248758, 0.002439, -0.646778, -0.246682, -0.032395, -0.646707, -0.249105, -0.030354, -0.647475, -0.249606, -0.031033, -0.646442, -0.245542, 0.067050, -0.639238, -0.151080, -0.077271, -0.634648, -0.142532, 0.009298, -0.582593, -0.227011, -0.032925, -0.579945, -0.223530, 0.159360, -0.462313, -0.087021, -0.161576, -0.456658, -0.084312, 0.221075, -0.208646, -0.053996, -0.273076, -0.232450, -0.111459, 0.225336, -0.029025, -0.155263, -0.119294, -0.167416, -0.282996, 0.223388, 0.028065, -0.187757, -0.077259, -0.132078, -0.331389, 0.204277, 0.015121, -0.227507, -0.034989, -0.176029, -0.335180, 0.211176, -0.022879, -0.174047, -0.087290, -0.175023, -0.289028, 0.104023, -0.012653, -0.001633, -0.103308, 0.009285, 0.002076, 0.116795, 0.057233, -0.074870, -0.092796, 0.141688, -0.098400, 0.153507, 0.360768, 0.122737, -0.033376, 0.509056, 0.112638, 0.158908, 0.384270, 0.135404, -0.021392, 0.533769, 0.134925, 0.179910, 0.361951, -0.024328, -0.013858, 0.552351, -0.019938, 0.000000, 0.000000, 0.000000, 0.000000, 0.000000, 0.000000, 0.000000, 0.000000, 0.000000, 0.000000, 0.000000, 0.000000, 0.000000, 0.000000, 0.000000, 0.000000, 0.000000, 0.000000, 0.000000, 0.000000, 0.000000, 0.000000, 0.000000, 0.000000, 0.000000, 0.000000, 0.000000, 0.000000, 0.000000, 0.000000, 0.000000, 0.000000, 0.000000, 0.000000, 0.000000, 0.000000, 0.000000, 0.000000, 0.000000, 0.000000, 0.000000, 0.000000, 0.000000, 0.000000, 0.000000, 0.000000, 0.000000, 0.000000, 0.000000, 0.000000, 0.000000, 0.000000, 0.000000, 0.000000, 0.000000, 0.000000, 0.000000, 0.000000, 0.000000, 0.000000, 0.000000, 0.000000, 0.000000, -0.119294, -0.167416, -0.282996, -0.093944, -0.187347, -0.280811, -0.072769, -0.200695, -0.278842, -0.049886, -0.217052, -0.273540, -0.026454, -0.236681, -0.267283, -0.048815, -0.173612, -0.276370, -0.046501, -0.177977, -0.263020, -0.052586, -0.181897, -0.246445, -0.065176, -0.181436, -0.247745, -0.051425, -0.155769, -0.274115, -0.046511, -0.162826, -0.258151, -0.058813, -0.169536, -0.245593, -0.061446, -0.162897, -0.246846, -0.054762, -0.142467, -0.275563, -0.058835, -0.150128, -0.254326, -0.065538, -0.156950, -0.242637, -0.068889, -0.150424, -0.240870, -0.069516, -0.136392, -0.269962, -0.065887, -0.141971, -0.255617, -0.071637, -0.149340, -0.243135, -0.076674, -0.145506, -0.244421]
Frame 052: [-0.011819, -0.608862, -0.256410, 0.002535, -0.646820, -0.246986, 0.002006, -0.646547, -0.248765, 0.002397, -0.646573, -0.246690, -0.032436, -0.646466, -0.249103, -0.030395, -0.647236, -0.249604, -0.031073, -0.646204, -0.245541, 0.066991, -0.639147, -0.151096, -0.077322, -0.634426, -0.142551, 0.009289, -0.582415, -0.227032, -0.032932, -0.579722, -0.223552, 0.159369, -0.462203, -0.087038, -0.161606, -0.456431, -0.084323, 0.221058, -0.208551, -0.053995, -0.273116, -0.232010, -0.111752, 0.225087, -0.029037, -0.155290, -0.119215, -0.167658, -0.284720, 0.223101, 0.028026, -0.187825, -0.077090, -0.132889, -0.333481, 0.203951, 0.015039, -0.227603, -0.034857, -0.177190, -0.337064, 0.210904, -0.022903, -0.174098, -0.087211, -0.175472, -0.290693, 0.104009, -0.012674, -0.001635, -0.103295, 0.009295, 0.002082, 0.116803, 0.057243, -0.074873, -0.092701, 0.142518, -0.098524, 0.153508, 0.360584, 0.122637, -0.033391, 0.509107, 0.112062, 0.158905, 0.384104, 0.135325, -0.021412, 0.533804, 0.134321, 0.179985, 0.361884, -0.024341, -0.013838, 0.552550, -0.020530, 0.000000, 0.000000, 0.000000, 0.000000, 0.000000, 0.000000, 0.000000, 0.000000, 0.000000, 0.000000, 0.000000, 0.000000, 0.000000, 0.000000, 0.000000, 0.000000, 0.000000, 0.000000, 0.000000, 0.000000, 0.000000, 0.000000, 0.000000, 0.000000, 0.000000, 0.000000, 0.000000, 0.000000, 0.000000, 0.000000, 0.000000, 0.000000, 0.000000, 0.000000, 0.000000, 0.000000, 0.000000, 0.000000, 0.000000, 0.000000, 0.000000, 0.000000, 0.000000, 0.000000, 0.000000, 0.000000, 0.000000, 0.000000, 0.000000, 0.000000, 0.000000, 0.000000, 0.000000, 0.000000, 0.000000, 0.000000, 0.000000, 0.000000, 0.000000, 0.000000, 0.000000, 0.000000, 0.000000, -0.119215, -0.167658, -0.284720, -0.093970, -0.186668, -0.282271, -0.073543, -0.199357, -0.280123, -0.052100, -0.215328, -0.274304, -0.029400, -0.235187, -0.267345, -0.051900, -0.172990, -0.279458, -0.049508, -0.178409, -0.266859, -0.054857, -0.183345, -0.250858, -0.067597, -0.182156, -0.252515, -0.054111, -0.157684, -0.278227, -0.050054, -0.165376, -0.263906, -0.061546, -0.171279, -0.250390, -0.063501, -0.164477, -0.252078, -0.057379, -0.146058, -0.280668, -0.061789, -0.153779, -0.261389, -0.067730, -0.160159, -0.248206, -0.070471, -0.153333, -0.245450, -0.071648, -0.140839, -0.276213, -0.068296, -0.146472, -0.262651, -0.074106, -0.152528, -0.250352, -0.078420, -0.148148, -0.249781]
Frame 053: [-0.011734, -0.608953, -0.256334, 0.002569, -0.646908, -0.246887, 0.002039, -0.646636, -0.248667, 0.002432, -0.646662, -0.246593, -0.032390, -0.646531, -0.249009, -0.030349, -0.647303, -0.249509, -0.031027, -0.646272, -0.245445, 0.066985, -0.639166, -0.151031, -0.077285, -0.634399, -0.142508, 0.009358, -0.582478, -0.226981, -0.032842, -0.579759, -0.223508, 0.159434, -0.462180, -0.086963, -0.161488, -0.456380, -0.084379, 0.221223, -0.208541, -0.053757, -0.273098, -0.231991, -0.112087, 0.225438, -0.028875, -0.155008, -0.118968, -0.168037, -0.285543, 0.223576, 0.028214, -0.187505, -0.076710, -0.133489, -0.334385, 0.204411, 0.015288, -0.227402, -0.034433, -0.177796, -0.337882, 0.211260, -0.022706, -0.173886, -0.086946, -0.175913, -0.291489, 0.103980, -0.012680, -0.001608, -0.103264, 0.009294, 0.002061, 0.116762, 0.057273, -0.074758, -0.092640, 0.142958, -0.098562, 0.153467, 0.360474, 0.122805, -0.033499, 0.509190, 0.111963, 0.158858, 0.384000, 0.135565, -0.021547, 0.533864, 0.134253, 0.179994, 0.361690, -0.023969, -0.013851, 0.552581, -0.020577, 0.000000, 0.000000, 0.000000, 0.000000, 0.000000, 0.000000, 0.000000, 0.000000, 0.000000, 0.000000, 0.000000, 0.000000, 0.000000, 0.000000, 0.000000, 0.000000, 0.000000, 0.000000, 0.000000, 0.000000, 0.000000, 0.000000, 0.000000, 0.000000, 0.000000, 0.000000, 0.000000, 0.000000, 0.000000, 0.000000, 0.000000, 0.000000, 0.000000, 0.000000, 0.000000, 0.000000, 0.000000, 0.000000, 0.000000, 0.000000, 0.000000, 0.000000, 0.000000, 0.000000, 0.000000, 0.000000, 0.000000, 0.000000, 0.000000, 0.000000, 0.000000, 0.000000, 0.000000, 0.000000, 0.000000, 0.000000, 0.000000, 0.000000, 0.000000, 0.000000, 0.000000, 0.000000, 0.000000, -0.118968, -0.168037, -0.285543, -0.096819, -0.188058, -0.280533, -0.078041, -0.198434, -0.278345, -0.058717, -0.215577, -0.272789, -0.036455, -0.234747, -0.266569, -0.058379, -0.173994, -0.274355, -0.059532, -0.180520, -0.259866, -0.065714, -0.184767, -0.246954, -0.076182, -0.181077, -0.250512, -0.059981, -0.160641, -0.272172, -0.058714, -0.167632, -0.258336, -0.069622, -0.173710, -0.246777, -0.069841, -0.165946, -0.252878, -0.062519, -0.150300, -0.274453, -0.069919, -0.157810, -0.257267, -0.074499, -0.164160, -0.247175, -0.076540, -0.155624, -0.245992, -0.075733, -0.145772, -0.270579, -0.075063, -0.151464, -0.257999, -0.081751, -0.155944, -0.248889, -0.084588, -0.151449, -0.249826]
Frame 054: [-0.011356, -0.609342, -0.255961, 0.002827, -0.647283, -0.246414, 0.002297, -0.647011, -0.248196, 0.002691, -0.647038, -0.246124, -0.032088, -0.646872, -0.248632, -0.030047, -0.647646, -0.249130, -0.030725, -0.646615, -0.245066, 0.067005, -0.639319, -0.150490, -0.077177, -0.634443, -0.142360, 0.009604, -0.582766, -0.226614, -0.032549, -0.580007, -0.223254, 0.159441, -0.462173, -0.086363, -0.161307, -0.456350, -0.084453, 0.221332, -0.208535, -0.052726, -0.273027, -0.232046, -0.112682, 0.225922, -0.028147, -0.153970, -0.118789, -0.168573, -0.286577, 0.224240, 0.029233, -0.186361, -0.076514, -0.134180, -0.335562, 0.205014, 0.016580, -0.226522, -0.034186, -0.178450, -0.338942, 0.211740, -0.021806, -0.172986, -0.086764, -0.176487, -0.292486, 0.103936, -0.012682, -0.001476, -0.103216, 0.009291, 0.001938, 0.116769, 0.057382, -0.074395, -0.092542, 0.143031, -0.098593, 0.153439, 0.360486, 0.123482, -0.033522, 0.509273, 0.111843, 0.158828, 0.384020, 0.136354, -0.021571, 0.533936, 0.134158, 0.180085, 0.361661, -0.022758, -0.013666, 0.552582, -0.020645, 0.000000, 0.000000, 0.000000, 0.000000, 0.000000, 0.000000, 0.000000, 0.000000, 0.000000, 0.000000, 0.000000, 0.000000, 0.000000, 0.000000, 0.000000, 0.000000, 0.000000, 0.000000, 0.000000, 0.000000, 0.000000, 0.000000, 0.000000, 0.000000, 0.000000, 0.000000, 0.000000, 0.000000, 0.000000, 0.000000, 0.000000, 0.000000, 0.000000, 0.000000, 0.000000, 0.000000, 0.000000, 0.000000, 0.000000, 0.000000, 0.000000, 0.000000, 0.000000, 0.000000, 0.000000, 0.000000, 0.000000, 0.000000, 0.000000, 0.000000, 0.000000, 0.000000, 0.000000, 0.000000, 0.000000, 0.000000, 0.000000, 0.000000, 0.000000, 0.000000, 0.000000, 0.000000, 0.000000, -0.118789, -0.168573, -0.286577, -0.097206, -0.188769, -0.283981, -0.076934, -0.200394, -0.281366, -0.056799, -0.217124, -0.275843, -0.033016, -0.237327, -0.268760, -0.055232, -0.175090, -0.276544, -0.057008, -0.181677, -0.263674, -0.063742, -0.185096, -0.250110, -0.073710, -0.181956, -0.251731, -0.056964, -0.160046, -0.274200, -0.055350, -0.167297, -0.260324, -0.067445, -0.173260, -0.250002, -0.068950, -0.165694, -0.253342, -0.060314, -0.148382, -0.275901, -0.067289, -0.156536, -0.259169, -0.073157, -0.162585, -0.250669, -0.075294, -0.154655, -0.248615, -0.074198, -0.142564, -0.270844, -0.073395, -0.149202, -0.259693, -0.079818, -0.154636, -0.250543, -0.083465, -0.149863, -0.251726]
Frame 055: [-0.011187, -0.609347, -0.255873, 0.002919, -0.647289, -0.246316, 0.002389, -0.647017, -0.248100, 0.002785, -0.647043, -0.246029, -0.031975, -0.646873, -0.248534, -0.029935, -0.647647, -0.249031, -0.030611, -0.646616, -0.244967, 0.067046, -0.639314, -0.150435, -0.077057, -0.634415, -0.142331, 0.009763, -0.582769, -0.226554, -0.032355, -0.580003, -0.223203, 0.159551, -0.462077, -0.086316, -0.161104, -0.456305, -0.084527, 0.221340, -0.208422, -0.052574, -0.272866, -0.232041, -0.112959, 0.225892, -0.027625, -0.153712, -0.118323, -0.168938, -0.287209, 0.224212, 0.029829, -0.186058, -0.075983, -0.134758, -0.336297, 0.204978, 0.017164, -0.226279, -0.033598, -0.179098, -0.339602, 0.211705, -0.021266, -0.172758, -0.086291, -0.176922, -0.293084, 0.103900, -0.012684, -0.001406, -0.103180, 0.009287, 0.001876, 0.116811, 0.057753, -0.074278, -0.092197, 0.143523, -0.098681, 0.153463, 0.360581, 0.123457, -0.033433, 0.509309, 0.110835, 0.158855, 0.384151, 0.136333, -0.021481, 0.533957, 0.133045, 0.180416, 0.361727, -0.022703, -0.013093, 0.552589, -0.021502, 0.000000, 0.000000, 0.000000, 0.000000, 0.000000, 0.000000, 0.000000, 0.000000, 0.000000, 0.000000, 0.000000, 0.000000, 0.000000, 0.000000, 0.000000, 0.000000, 0.000000, 0.000000, 0.000000, 0.000000, 0.000000, 0.000000, 0.000000, 0.000000, 0.000000, 0.000000, 0.000000, 0.000000, 0.000000, 0.000000, 0.000000, 0.000000, 0.000000, 0.000000, 0.000000, 0.000000, 0.000000, 0.000000, 0.000000, 0.000000, 0.000000, 0.000000, 0.000000, 0.000000, 0.000000, 0.000000, 0.000000, 0.000000, 0.000000, 0.000000, 0.000000, 0.000000, 0.000000, 0.000000, 0.000000, 0.000000, 0.000000, 0.000000, 0.000000, 0.000000, 0.000000, 0.000000, 0.000000, -0.118323, -0.168938, -0.287209, -0.096893, -0.188629, -0.283581, -0.076752, -0.200498, -0.280631, -0.056154, -0.217109, -0.274920, -0.032628, -0.237048, -0.267311, -0.055001, -0.174580, -0.274806, -0.056473, -0.180451, -0.261628, -0.063178, -0.184407, -0.247835, -0.072693, -0.181595, -0.249715, -0.057108, -0.159128, -0.272774, -0.054863, -0.166175, -0.258146, -0.066696, -0.172548, -0.247056, -0.068483, -0.165742, -0.250830, -0.060352, -0.147464, -0.274410, -0.066624, -0.154936, -0.256483, -0.072573, -0.161802, -0.247370, -0.074861, -0.154363, -0.245679, -0.074458, -0.141486, -0.269335, -0.072847, -0.147897, -0.257148, -0.079211, -0.153368, -0.247433, -0.083444, -0.149222, -0.247933]
Frame 056: [-0.010925, -0.609466, -0.255899, 0.003105, -0.647393, -0.246332, 0.002575, -0.647122, -0.248117, 0.002973, -0.647149, -0.246047, -0.031767, -0.646956, -0.248543, -0.029726, -0.647733, -0.249039, -0.030402, -0.646703, -0.244975, 0.067193, -0.639327, -0.150496, -0.076821, -0.634396, -0.142394, 0.010023, -0.582848, -0.226619, -0.032065, -0.580057, -0.223269, 0.159738, -0.461986, -0.086348, -0.160826, -0.456230, -0.084753, 0.221362, -0.208330, -0.052582, -0.272727, -0.232023, -0.113356, 0.225879, -0.027154, -0.153717, -0.117889, -0.169094, -0.287898, 0.224202, 0.030344, -0.186084, -0.075420, -0.135066, -0.337188, 0.204972, 0.017643, -0.226307, -0.032970, -0.179518, -0.340374, 0.211694, -0.020789, -0.172774, -0.085837, -0.177139, -0.293732, 0.103857, -0.012685, -0.001371, -0.103142, 0.009279, 0.001847, 0.116818, 0.058484, -0.074019, -0.091968, 0.144674, -0.098691, 0.153460, 0.360818, 0.123445, -0.033363, 0.509414, 0.110361, 0.158851, 0.384438, 0.136318, -0.021411, 0.534039, 0.132450, 0.180505, 0.362051, -0.022600, -0.012833, 0.552768, -0.021861, 0.000000, 0.000000, 0.000000, 0.000000, 0.000000, 0.000000, 0.000000, 0.000000, 0.000000, 0.000000, 0.000000, 0.000000, 0.000000, 0.000000, 0.000000, 0.000000, 0.000000, 0.000000, 0.000000, 0.000000, 0.000000, 0.000000, 0.000000, 0.000000, 0.000000, 0.000000, 0.000000, 0.000000, 0.000000, 0.000000, 0.000000, 0.000000, 0.000000, 0.000000, 0.000000, 0.000000, 0.000000, 0.000000, 0.000000, 0.000000, 0.000000, 0.000000, 0.000000, 0.000000, 0.000000, 0.000000, 0.000000, 0.000000, 0.000000, 0.000000, 0.000000, 0.000000, 0.000000, 0.000000, 0.000000, 0.000000, 0.000000, 0.000000, 0.000000, 0.000000, 0.000000, 0.000000, 0.000000, -0.117889, -0.169094, -0.287898, -0.095343, -0.190444, -0.283503, -0.074077, -0.203259, -0.279370, -0.051901, -0.220272, -0.272621, -0.027373, -0.238799, -0.265090, -0.050081, -0.176258, -0.272165, -0.049574, -0.181430, -0.258912, -0.056996, -0.184826, -0.245315, -0.067426, -0.182528, -0.247175, -0.052557, -0.158012, -0.270364, -0.048611, -0.164820, -0.255359, -0.061583, -0.172452, -0.244996, -0.064587, -0.166111, -0.248179, -0.056957, -0.143957, -0.272582, -0.061238, -0.151788, -0.254189, -0.067953, -0.160114, -0.245790, -0.071407, -0.153323, -0.244009, -0.071746, -0.137085, -0.268278, -0.069319, -0.143690, -0.255771, -0.075907, -0.150757, -0.245987, -0.080388, -0.147158, -0.247421]
Frame 057: [-0.010124, -0.609472, -0.256479, 0.003855, -0.647394, -0.246890, 0.003324, -0.647124, -0.248679, 0.003729, -0.647151, -0.246615, -0.031018, -0.646957, -0.249090, -0.028976, -0.647735, -0.249579, -0.029650, -0.646706, -0.245517, 0.067852, -0.639288, -0.150984, -0.076157, -0.634355, -0.142942, 0.010740, -0.582847, -0.227218, -0.031342, -0.580055, -0.223885, 0.160182, -0.461688, -0.086751, -0.160536, -0.456154, -0.085406, 0.221480, -0.207904, -0.052889, -0.272691, -0.231873, -0.114393, 0.225767, -0.026689, -0.154382, -0.117601, -0.169504, -0.290119, 0.224041, 0.030699, -0.186862, -0.074942, -0.135969, -0.339662, 0.204732, 0.017942, -0.227193, -0.032464, -0.180544, -0.342786, 0.211549, -0.020358, -0.173526, -0.085530, -0.177670, -0.295920, 0.103816, -0.012686, -0.001338, -0.103105, 0.009270, 0.001822, 0.116609, 0.059845, -0.073335, -0.091870, 0.147302, -0.098612, 0.153395, 0.361162, 0.123636, -0.033407, 0.509980, 0.110313, 0.158783, 0.384843, 0.136550, -0.021480, 0.534540, 0.132399, 0.180467, 0.362423, -0.021973, -0.012827, 0.553368, -0.021784, 0.000000, 0.000000, 0.000000, 0.000000, 0.000000, 0.000000, 0.000000, 0.000000, 0.000000, 0.000000, 0.000000, 0.000000, 0.000000, 0.000000, 0.000000, 0.000000, 0.000000, 0.000000, 0.000000, 0.000000, 0.000000, 0.000000, 0.000000, 0.000000, 0.000000, 0.000000, 0.000000, 0.000000, 0.000000, 0.000000, 0.000000, 0.000000, 0.000000, 0.000000, 0.000000, 0.000000, 0.000000, 0.000000, 0.000000, 0.000000, 0.000000, 0.000000, 0.000000, 0.000000, 0.000000, 0.000000, 0.000000, 0.000000, 0.000000, 0.000000, 0.000000, 0.000000, 0.000000, 0.000000, 0.000000, 0.000000, 0.000000, 0.000000, 0.000000, 0.000000, 0.000000, 0.000000, 0.000000, -0.117601, -0.169504, -0.290119, -0.094936, -0.189469, -0.285437, -0.074845, -0.201291, -0.281904, -0.054945, -0.219117, -0.275815, -0.031335, -0.238031, -0.269612, -0.053195, -0.175234, -0.275667, -0.052794, -0.181483, -0.261932, -0.059443, -0.185742, -0.247738, -0.070105, -0.183014, -0.250680, -0.055177, -0.159482, -0.273724, -0.052690, -0.167613, -0.258496, -0.064425, -0.174429, -0.247292, -0.066239, -0.166699, -0.251233, -0.058880, -0.148091, -0.275917, -0.064464, -0.156525, -0.257584, -0.070178, -0.163728, -0.248315, -0.073006, -0.155478, -0.246137, -0.072373, -0.142730, -0.271813, -0.071159, -0.149620, -0.258588, -0.077575, -0.155339, -0.248817, -0.081614, -0.150863, -0.250427]
Frame 058: [-0.009698, -0.609462, -0.256505, 0.004165, -0.647382, -0.246940, 0.003633, -0.647113, -0.248733, 0.004045, -0.647141, -0.246670, -0.030645, -0.646943, -0.249141, -0.028603, -0.647724, -0.249625, -0.029275, -0.646694, -0.245563, 0.068008, -0.639277, -0.151081, -0.075789, -0.634334, -0.143152, 0.011082, -0.582844, -0.227266, -0.030913, -0.580049, -0.223955, 0.160251, -0.461623, -0.086781, -0.160329, -0.456124, -0.085538, 0.221426, -0.207906, -0.052904, -0.272507, -0.231707, -0.114436, 0.223864, -0.027208, -0.154594, -0.116973, -0.169555, -0.290198, 0.221516, 0.029651, -0.187269, -0.074217, -0.136289, -0.339854, 0.202100, 0.016410, -0.227386, -0.031787, -0.181153, -0.342867, 0.209559, -0.021099, -0.173713, -0.084936, -0.177806, -0.295960, 0.103717, -0.012686, -0.001275, -0.103022, 0.009252, 0.001773, 0.116476, 0.062032, -0.071180, -0.091836, 0.151191, -0.098100, 0.152760, 0.361662, 0.123837, -0.033620, 0.510643, 0.109214, 0.158052, 0.385419, 0.136726, -0.021720, 0.535049, 0.130881, 0.180131, 0.363006, -0.020762, -0.012869, 0.554269, -0.022213, 0.000000, 0.000000, 0.000000, 0.000000, 0.000000, 0.000000, 0.000000, 0.000000, 0.000000, 0.000000, 0.000000, 0.000000, 0.000000, 0.000000, 0.000000, 0.000000, 0.000000, 0.000000, 0.000000, 0.000000, 0.000000, 0.000000, 0.000000, 0.000000, 0.000000, 0.000000, 0.000000, 0.000000, 0.000000, 0.000000, 0.000000, 0.000000, 0.000000, 0.000000, 0.000000, 0.000000, 0.000000, 0.000000, 0.000000, 0.000000, 0.000000, 0.000000, 0.000000, 0.000000, 0.000000, 0.000000, 0.000000, 0.000000, 0.000000, 0.000000, 0.000000, 0.000000, 0.000000, 0.000000, 0.000000, 0.000000, 0.000000, 0.000000, 0.000000, 0.000000, 0.000000, 0.000000, 0.000000, -0.116973, -0.169555, -0.290198, -0.093480, -0.187596, -0.282059, -0.074598, -0.199094, -0.278001, -0.055541, -0.216304, -0.272257, -0.033313, -0.235487, -0.265565, -0.055074, -0.172575, -0.271274, -0.055881, -0.178961, -0.255549, -0.062049, -0.183526, -0.241725, -0.072575, -0.181834, -0.246948, -0.058250, -0.158727, -0.270665, -0.055654, -0.166005, -0.254323, -0.066728, -0.173012, -0.243418, -0.067379, -0.165964, -0.250552, -0.061435, -0.149065, -0.275003, -0.067335, -0.156458, -0.253734, -0.072484, -0.162959, -0.244077, -0.075161, -0.155781, -0.244551, -0.075673, -0.144758, -0.272252, -0.073781, -0.149794, -0.257002, -0.078882, -0.155501, -0.245937, -0.083044, -0.152024, -0.247813]
Frame 059: [-0.009580, -0.609451, -0.256771, 0.004267, -0.647369, -0.247255, 0.003735, -0.647100, -0.249054, 0.004150, -0.647129, -0.246992, -0.030532, -0.646931, -0.249404, -0.028491, -0.647713, -0.249882, -0.029162, -0.646683, -0.245821, 0.068187, -0.639254, -0.151507, -0.075544, -0.634308, -0.143405, 0.011228, -0.582834, -0.227590, -0.030750, -0.580038, -0.224231, 0.160476, -0.461461, -0.087057, -0.160117, -0.456098, -0.085682, 0.221465, -0.207830, -0.053166, -0.272441, -0.231616, -0.114472, 0.223338, -0.027599, -0.155234, -0.116644, -0.169747, -0.290357, 0.220774, 0.028830, -0.188166, -0.073746, -0.136780, -0.340090, 0.201370, 0.015324, -0.228073, -0.031344, -0.181779, -0.343034, 0.209009, -0.021651, -0.174334, -0.084600, -0.178090, -0.296092, 0.103674, -0.012682, -0.001268, -0.102984, 0.009227, 0.001770, 0.116233, 0.062396, -0.070519, -0.091857, 0.152037, -0.097850, 0.152450, 0.361669, 0.124127, -0.033907, 0.510860, 0.109228, 0.157688, 0.385427, 0.137041, -0.022043, 0.535195, 0.130905, 0.179706, 0.362995, -0.020357, -0.013282, 0.554546, -0.022059, 0.000000, 0.000000, 0.000000, 0.000000, 0.000000, 0.000000, 0.000000, 0.000000, 0.000000, 0.000000, 0.000000, 0.000000, 0.000000, 0.000000, 0.000000, 0.000000, 0.000000, 0.000000, 0.000000, 0.000000, 0.000000, 0.000000, 0.000000, 0.000000, 0.000000, 0.000000, 0.000000, 0.000000, 0.000000, 0.000000, 0.000000, 0.000000, 0.000000, 0.000000, 0.000000, 0.000000, 0.000000, 0.000000, 0.000000, 0.000000, 0.000000, 0.000000, 0.000000, 0.000000, 0.000000, 0.000000, 0.000000, 0.000000, 0.000000, 0.000000, 0.000000, 0.000000, 0.000000, 0.000000, 0.000000, 0.000000, 0.000000, 0.000000, 0.000000, 0.000000, 0.000000, 0.000000, 0.000000, -0.116644, -0.169747, -0.290357, -0.093114, -0.188338, -0.283438, -0.073202, -0.199861, -0.278868, -0.052810, -0.217553, -0.272751, -0.030072, -0.236301, -0.265893, -0.051573, -0.173732, -0.272876, -0.052138, -0.179931, -0.258071, -0.058328, -0.184458, -0.243595, -0.068627, -0.182224, -0.247321, -0.054554, -0.158617, -0.272345, -0.051961, -0.166354, -0.256214, -0.063559, -0.173694, -0.244715, -0.064495, -0.166025, -0.250197, -0.058371, -0.148065, -0.276320, -0.064344, -0.155894, -0.256004, -0.070015, -0.162864, -0.245364, -0.072707, -0.154871, -0.244570, -0.072770, -0.143057, -0.273772, -0.070784, -0.149001, -0.258621, -0.076652, -0.155098, -0.247054, -0.080988, -0.151403, -0.248781]
Frame 060: [-0.009259, -0.609290, -0.255670, 0.004612, -0.647201, -0.246186, 0.004080, -0.646933, -0.247978, 0.004493, -0.646963, -0.245913, -0.030152, -0.646790, -0.248436, -0.028110, -0.647572, -0.248921, -0.028781, -0.646543, -0.244860, 0.068271, -0.639158, -0.150509, -0.075376, -0.634271, -0.142860, 0.011404, -0.582715, -0.226460, -0.030543, -0.579942, -0.223269, 0.160490, -0.461433, -0.086215, -0.160099, -0.456103, -0.085230, 0.221380, -0.207819, -0.052280, -0.272365, -0.231692, -0.114236, 0.223133, -0.027594, -0.154377, -0.116556, -0.169786, -0.290245, 0.220568, 0.028852, -0.187410, -0.073692, -0.136803, -0.339963, 0.201130, 0.015356, -0.227277, -0.031282, -0.181752, -0.342940, 0.208780, -0.021647, -0.173476, -0.084513, -0.178136, -0.295988, 0.103656, -0.012682, -0.001246, -0.102967, 0.009222, 0.001749, 0.116215, 0.062344, -0.070600, -0.091930, 0.151949, -0.097943, 0.152159, 0.361530, 0.124058, -0.034554, 0.510926, 0.108738, 0.157370, 0.385241, 0.136970, -0.022750, 0.535280, 0.130411, 0.179540, 0.362884, -0.020347, -0.013908, 0.554590, -0.022693, 0.000000, 0.000000, 0.000000, 0.000000, 0.000000, 0.000000, 0.000000, 0.000000, 0.000000, 0.000000, 0.000000, 0.000000, 0.000000, 0.000000, 0.000000, 0.000000, 0.000000, 0.000000, 0.000000, 0.000000, 0.000000, 0.000000, 0.000000, 0.000000, 0.000000, 0.000000, 0.000000, 0.000000, 0.000000, 0.000000, 0.000000, 0.000000, 0.000000, 0.000000, 0.000000, 0.000000, 0.000000, 0.000000, 0.000000, 0.000000, 0.000000, 0.000000, 0.000000, 0.000000, 0.000000, 0.000000, 0.000000, 0.000000, 0.000000, 0.000000, 0.000000, 0.000000, 0.000000, 0.000000, 0.000000, 0.000000, 0.000000, 0.000000, 0.000000, 0.000000, 0.000000, 0.000000, 0.000000, -0.116556, -0.169786, -0.290245, -0.092948, -0.189302, -0.285536, -0.071437, -0.201837, -0.282303, -0.049208, -0.219494, -0.276747, -0.024350, -0.237750, -0.271672, -0.048270, -0.174889, -0.277360, -0.046360, -0.179696, -0.263274, -0.052644, -0.183997, -0.247795, -0.063229, -0.181955, -0.248152, -0.050880, -0.157750, -0.275175, -0.045771, -0.164125, -0.258731, -0.057369, -0.172198, -0.246252, -0.060268, -0.164949, -0.248420, -0.054831, -0.144807, -0.276832, -0.058377, -0.152242, -0.256434, -0.064288, -0.160222, -0.246002, -0.068286, -0.153107, -0.242851, -0.069156, -0.138452, -0.271661, -0.066875, -0.144578, -0.257256, -0.072585, -0.151704, -0.245530, -0.077537, -0.147944, -0.246515]
